Case Number,ID,Date,Block,IUCR,Primary Type,Description,Location Description,Arrest,Domestic,Beat,Ward,FBI Code,X Coordinate,Y Coordinate,Year,Updated On,Latitude,Longitude,Location
HW491154,9347483,10/13/2013 09:25:00 AM,089XX S HOUSTON AVE,820,THEFT,$500 AND UNDER,CHA APARTMENT,FALSE,FALSE,424,10,6,1198112,1846347,2013,05/15/2014 12:36:49 PM,41.733211696,-87.549801449,"(41.733211696, -87.549801449)"
HW511408,9368505,10/28/2013 05:00:00 PM,102XX S STONY ISLAND AVE,810,THEFT,OVER $500,CONSTRUCTION SITE,FALSE,FALSE,431,10,6,1188446,1837032,2013,11/30/2013 02:20:59 PM,41.707886343,-87.585508482,"(41.707886343, -87.585508482)"
HW503822,9360693,10/22/2013 09:00:00 PM,020XX N ALBANY AVE,810,THEFT,OVER $500,STREET,FALSE,FALSE,1414,35,6,1155227,1913653,2013,11/30/2013 11:56:33 AM,41.918871812,-87.705107097,"(41.918871812, -87.705107097)"
HW506048,9363034,10/24/2013 08:52:00 AM,026XX N ELSTON AVE,810,THEFT,OVER $500,PARKING LOT/GARAGE(NON.RESID.),FALSE,FALSE,1432,1,6,1160777,1917685,2013,11/30/2013 12:02:05 PM,41.929822521,-87.684603724,"(41.929822521, -87.684603724)"
HW496368,9353336,10/07/2013 09:00:00 PM,069XX S LAFLIN ST,810,THEFT,OVER $500,RESIDENCE,FALSE,FALSE,734,17,6,1167502,1858381,2013,11/30/2013 01:41:44 PM,41.766944627,-87.661595883,"(41.766944627, -87.661595883)"
HW534029,9390734,11/14/2013 07:00:00 PM,061XX S DAMEN AVE,810,THEFT,OVER $500,STREET,FALSE,FALSE,714,15,6,1164125,1863768,2013,11/30/2013 01:46:23 PM,41.781798985,-87.673822558,"(41.781798985, -87.673822558)"
HW529820,9386184,11/11/2013 06:50:00 PM,023XX W DEVON AVE,820,THEFT,$500 AND UNDER,SIDEWALK,FALSE,FALSE,2412,50,6,1159721,1942477,2013,11/30/2013 09:40:24 PM,41.9978749,-87.68779787,"(41.9978749, -87.68779787)"
HW531973,9388604,11/13/2013 12:00:00 PM,057XX N CAMPBELL AVE,820,THEFT,$500 AND UNDER,STREET,TRUE,FALSE,2011,40,6,1158591,1937834,2013,11/30/2013 11:50:43 AM,41.985157623,-87.692082638,"(41.985157623, -87.692082638)"
HW520910,9378745,11/04/2013 03:00:00 PM,069XX S PRINCETON AVE,810,THEFT,OVER $500,APARTMENT,FALSE,FALSE,731,6,6,1175456,1858800,2013,11/30/2013 01:37:20 PM,41.76792025,-87.632428858,"(41.76792025, -87.632428858)"
HW520162,9377581,11/04/2013 10:37:00 AM,015XX W MC LEAN AVE,810,THEFT,OVER $500,STREET,FALSE,FALSE,1432,32,6,1165654,1913542,2013,11/30/2013 12:04:32 PM,41.91835123,-87.66680044,"(41.91835123, -87.66680044)"
HW521387,9377872,11/04/2013 05:45:00 PM,064XX N SHERIDAN RD,860,THEFT,RETAIL THEFT,SMALL RETAIL STORE,FALSE,FALSE,2432,40,6,1167042,1943306,2013,11/30/2013 09:45:02 PM,41.999995084,-87.660842649,"(41.999995084, -87.660842649)"
HW521685,9378442,11/05/2013 01:15:00 PM,033XX W FULLERTON AVE,820,THEFT,$500 AND UNDER,SIDEWALK,FALSE,FALSE,1413,35,6,1153638,1915716,2013,11/30/2013 12:05:10 PM,41.92456465,-87.710890259,"(41.92456465, -87.710890259)"
HW541167,9398195,11/20/2013 03:00:00 PM,069XX S HALSTED ST,820,THEFT,$500 AND UNDER,SIDEWALK,FALSE,FALSE,732,6,6,1172205,1858859,2013,11/30/2013 05:11:15 AM,41.768154234,-87.644343489,"(41.768154234, -87.644343489)"
HW538468,9394862,11/18/2013 12:30:00 AM,012XX W LOYOLA AVE,820,THEFT,$500 AND UNDER,VEHICLE NON-COMMERCIAL,FALSE,FALSE,2432,40,6,1166827,1943742,2013,11/30/2013 09:00:09 PM,42.001196107,-87.661620998,"(42.001196107, -87.661620998)"
HW536403,9392802,11/16/2013 08:30:00 PM,064XX N ROCKWELL ST,810,THEFT,OVER $500,STREET,FALSE,FALSE,2412,50,6,1157778,1942701,2013,11/30/2013 09:41:06 PM,41.998529537,-87.694939345,"(41.998529537, -87.694939345)"
HW546092,9402846,11/24/2013 09:05:00 AM,021XX W 82ND PL,820,THEFT,$500 AND UNDER,RESIDENCE,FALSE,TRUE,614,18,6,1163697,1849895,2013,11/30/2013 07:27:40 AM,41.743738516,-87.675780518,"(41.743738516, -87.675780518)"
HW544983,9402020,11/22/2013 04:00:00 PM,001XX W 75TH ST,810,THEFT,OVER $500,OTHER,FALSE,FALSE,623,6,6,1176379,1855212,2013,11/30/2013 09:29:03 AM,41.758053678,-87.629153323,"(41.758053678, -87.629153323)"
HW545172,9402161,11/22/2013 08:00:00 PM,086XX S INDIANA AVE,810,THEFT,OVER $500,RESIDENCE,FALSE,FALSE,632,6,6,1179063,1847677,2013,11/30/2013 04:32:51 AM,41.737316056,-87.619545893,"(41.737316056, -87.619545893)"
HW545221,9402197,11/23/2013 12:15:00 PM,070XX S ASHLAND AVE,820,THEFT,$500 AND UNDER,STREET,FALSE,FALSE,735,17,6,1166853,1858231,2013,11/30/2013 04:39:37 AM,41.766546891,-87.663979011,"(41.766546891, -87.663979011)"
HW542516,9399680,11/21/2013 11:58:00 AM,006XX W 63RD ST,810,THEFT,OVER $500,STREET,FALSE,FALSE,723,20,6,1172968,1863070,2013,11/30/2013 01:49:18 PM,41.779692901,-87.64142256,"(41.779692901, -87.64142256)"
HW548909,9409591,11/26/2013 02:07:00 PM,0000X N STATE ST,860,THEFT,RETAIL THEFT,DEPARTMENT STORE,FALSE,FALSE,112,42,6,1176321,1900594,2013,11/30/2013 09:42:34 AM,41.882587116,-87.628000581,"(41.882587116, -87.628000581)"
HW552899,9409594,11/22/2013 06:00:00 AM,022XX N STOCKTON DR,820,THEFT,$500 AND UNDER,STREET,FALSE,FALSE,1814,43,6,1174045,1915454,2013,11/30/2013 09:43:01 AM,41.923414744,-87.635914406,"(41.923414744, -87.635914406)"
HW551997,9408690,09/24/2013 10:00:00 AM,123XX S PARNELL AVE,890,THEFT,FROM BUILDING,ABANDONED BUILDING,FALSE,FALSE,523,34,6,1174832,1823062,2013,11/30/2013 04:58:12 AM,41.669864142,-87.635777464,"(41.669864142, -87.635777464)"
HW552054,9408810,11/21/2013 01:30:00 AM,009XX W FULLERTON AVE,810,THEFT,OVER $500,CTA TRAIN,FALSE,FALSE,1812,43,6,1169418,1916096,2013,11/30/2013 07:21:06 AM,41.92527843,-87.652896846,"(41.92527843, -87.652896846)"
HW551981,9408901,11/03/2013 06:00:00 PM,008XX N DAMEN AVE,890,THEFT,FROM BUILDING,RESIDENCE-GARAGE,FALSE,FALSE,1212,32,6,1162960,1905551,2013,11/30/2013 06:29:27 AM,41.896480378,-87.676923047,"(41.896480378, -87.676923047)"
HW552132,9409030,10/10/2013 05:30:00 PM,059XX S ASHLAND AVE,810,THEFT,OVER $500,CTA BUS,FALSE,FALSE,714,15,6,1166644,1865524,2013,11/30/2013 05:11:00 AM,41.786564279,-87.664537184,"(41.786564279, -87.664537184)"
HW552207,9409074,11/24/2013 01:00:00 AM,014XX S CANAL ST,890,THEFT,FROM BUILDING,OTHER,FALSE,FALSE,124,2,6,1173326,1893057,2013,11/30/2013 06:33:34 AM,41.861972097,-87.639221985,"(41.861972097, -87.639221985)"
HW548601,9405366,11/26/2013 10:40:00 AM,013XX E 79TH ST,860,THEFT,RETAIL THEFT,SMALL RETAIL STORE,FALSE,FALSE,411,8,6,1186404,1852919,2013,11/30/2013 02:13:47 PM,41.751530409,-87.592485529,"(41.751530409, -87.592485529)"
HW548303,9404796,11/26/2013 12:00:00 AM,024XX N MILWAUKEE AVE,810,THEFT,OVER $500,STREET,FALSE,FALSE,1414,35,6,1156064,1916211,2013,11/29/2013 09:32:06 AM,41.925874299,-87.701962664,"(41.925874299, -87.701962664)"
HW512455,9369130,10/29/2013 02:00:00 PM,034XX N KIMBALL AVE,810,THEFT,OVER $500,SMALL RETAIL STORE,FALSE,FALSE,1733,35,6,1153147,1922986,2013,11/29/2013 01:11:02 PM,41.944523866,-87.71250097,"(41.944523866, -87.71250097)"
HW504499,9361435,10/23/2013 03:00:00 PM,083XX S STEWART AVE,860,THEFT,RETAIL THEFT,DEPARTMENT STORE,FALSE,FALSE,622,21,6,1175120,1849560,2013,11/29/2013 07:21:23 PM,41.742572081,-87.633935781,"(41.742572081, -87.633935781)"
HW538793,9395020,11/18/2013 07:20:00 PM,076XX N EASTLAKE TER,890,THEFT,FROM BUILDING,RESIDENCE,FALSE,FALSE,2422,49,6,1165950,1950607,2013,11/29/2013 09:08:24 PM,42.020052611,-87.66465005,"(42.020052611, -87.66465005)"
HW536273,9392915,11/16/2013 06:30:00 PM,064XX N ARTESIAN AVE,810,THEFT,OVER $500,STREET,FALSE,FALSE,2412,50,6,1158860,1942495,2013,11/29/2013 09:07:42 PM,41.997942061,-87.69096469,"(41.997942061, -87.69096469)"
HW534599,9391648,11/15/2013 02:13:00 PM,061XX N WESTERN AVE,820,THEFT,$500 AND UNDER,DRUG STORE,FALSE,FALSE,2413,50,6,1159164,1940863,2013,11/29/2013 09:06:46 PM,41.993457529,-87.689891491,"(41.993457529, -87.689891491)"
HW532387,9388870,11/13/2013 07:07:00 PM,0000X E JACKSON BLVD,890,THEFT,FROM BUILDING,"SCHOOL, PRIVATE, BUILDING",FALSE,FALSE,113,2,6,1176463,1898964,2013,11/29/2013 12:53:59 PM,41.878111099,-87.627528383,"(41.878111099, -87.627528383)"
HW533723,9390284,11/14/2013 07:40:00 PM,091XX S COMMERCIAL AVE,820,THEFT,$500 AND UNDER,PARK PROPERTY,FALSE,TRUE,423,10,6,1197687,1845133,2013,05/15/2014 12:36:49 PM,41.729890988,-87.551398796,"(41.729890988, -87.551398796)"
HW531468,9388145,11/13/2013 09:10:00 AM,036XX W ADDISON ST,810,THEFT,OVER $500,CTA TRAIN,FALSE,FALSE,1732,35,6,1151461,1923730,2013,11/29/2013 01:59:34 PM,41.9465988,-87.71867842,"(41.9465988, -87.71867842)"
HW543493,9400676,11/22/2013 08:40:00 AM,003XX N CENTRAL AVE,810,THEFT,OVER $500,APARTMENT,FALSE,TRUE,1512,29,6,1138946,1901626,2013,11/29/2013 10:27:42 AM,41.886179981,-87.765218543,"(41.886179981, -87.765218543)"
HW543465,9400824,11/21/2013 08:00:00 PM,038XX W WRIGHTWOOD AVE,810,THEFT,OVER $500,VEHICLE NON-COMMERCIAL,FALSE,FALSE,2524,30,6,1150015,1916968,2013,11/29/2013 09:58:22 AM,41.928071643,-87.72417013,"(41.928071643, -87.72417013)"
HW543669,9400852,11/21/2013 02:30:00 PM,047XX W ARMITAGE AVE,890,THEFT,FROM BUILDING,WAREHOUSE,FALSE,FALSE,2522,31,6,1144609,1912919,2013,11/29/2013 10:11:16 AM,41.917064456,-87.744137623,"(41.917064456, -87.744137623)"
HW543659,9400871,11/21/2013 08:00:00 PM,026XX N RACINE AVE,810,THEFT,OVER $500,RESIDENCE-GARAGE,FALSE,FALSE,1932,32,6,1167816,1917576,2013,11/29/2013 11:34:15 AM,41.929374361,-87.658740532,"(41.929374361, -87.658740532)"
HW543792,9400971,11/22/2013 12:15:00 PM,039XX N SHERIDAN RD,820,THEFT,$500 AND UNDER,STREET,FALSE,FALSE,1923,44,6,1168853,1926456,2013,11/29/2013 10:33:05 AM,41.953719015,-87.654671537,"(41.953719015, -87.654671537)"
HW543770,9401031,11/21/2013 11:00:00 PM,040XX N LAPORTE AVE,810,THEFT,OVER $500,PARKING LOT/GARAGE(NON.RESID.),FALSE,FALSE,1624,45,6,1142669,1926640,2013,11/29/2013 12:00:41 PM,41.954752564,-87.750922799,"(41.954752564, -87.750922799)"
HW543869,9401094,11/21/2013 04:00:00 PM,062XX N DRAKE AVE,810,THEFT,OVER $500,STREET,FALSE,FALSE,1711,50,6,1151627,1941076,2013,11/29/2013 09:32:28 AM,41.994194064,-87.717610022,"(41.994194064, -87.717610022)"
HW546048,9402794,10/28/2013 08:00:00 PM,044XX W MONROE ST,820,THEFT,$500 AND UNDER,STREET,FALSE,FALSE,1113,28,6,1147003,1899338,2013,11/29/2013 11:55:15 AM,41.879751264,-87.735689565,"(41.879751264, -87.735689565)"
HW546060,9402804,11/22/2013 09:00:00 AM,017XX W JULIAN ST,810,THEFT,OVER $500,STREET,FALSE,FALSE,1433,1,6,1164617,1909839,2013,11/29/2013 08:34:18 AM,41.908212007,-87.670715552,"(41.908212007, -87.670715552)"
HW546156,9402874,11/23/2013 10:00:00 PM,008XX W LILL AVE,820,THEFT,$500 AND UNDER,STREET,FALSE,FALSE,1935,43,6,1170282,1917114,2013,11/29/2013 10:17:46 AM,41.928053013,-87.649692302,"(41.928053013, -87.649692302)"
HW546266,9402931,11/23/2013 09:15:00 PM,064XX W FULLERTON AVE,890,THEFT,FROM BUILDING,ATHLETIC CLUB,FALSE,FALSE,2512,36,6,1133118,1915291,2013,11/29/2013 11:04:35 AM,41.923782382,-87.786300669,"(41.923782382, -87.786300669)"
HW546258,9402969,11/02/2013 12:00:00 PM,017XX W FOSTER AVE,810,THEFT,OVER $500,STREET,FALSE,FALSE,2032,47,6,1163903,1934544,2013,11/29/2013 09:48:40 AM,41.976018953,-87.672638926,"(41.976018953, -87.672638926)"
HW546174,9402989,11/24/2013 02:00:00 AM,026XX N GREENVIEW AVE,810,THEFT,OVER $500,STREET,FALSE,FALSE,1932,32,6,1166005,1917907,2013,11/29/2013 11:00:44 AM,41.930321549,-87.665385922,"(41.930321549, -87.665385922)"
HW546340,9403021,11/24/2013 12:01:00 AM,034XX N NEWCASTLE AVE,810,THEFT,OVER $500,VEHICLE NON-COMMERCIAL,FALSE,FALSE,1632,36,6,1130170,1922400,2013,11/29/2013 12:06:28 PM,41.943341425,-87.796969553,"(41.943341425, -87.796969553)"
HW546494,9403103,11/22/2013 05:00:00 PM,036XX N RECREATION DR,810,THEFT,OVER $500,PARK PROPERTY,FALSE,FALSE,1925,46,6,1171989,1924867,2013,11/29/2013 11:22:46 AM,41.949290024,-87.643190401,"(41.949290024, -87.643190401)"
HW546503,9403147,11/24/2013 03:00:00 PM,038XX N HAMLIN AVE,810,THEFT,OVER $500,STREET,FALSE,FALSE,1732,39,6,1150335,1925258,2013,11/29/2013 11:58:17 AM,41.950813833,-87.722777273,"(41.950813833, -87.722777273)"
HW543967,9402223,11/22/2013 02:20:00 PM,016XX N TROY ST,810,THEFT,OVER $500,VEHICLE NON-COMMERCIAL,FALSE,FALSE,1421,26,6,1155137,1910569,2013,11/29/2013 11:38:29 AM,41.910410865,-87.705520712,"(41.910410865, -87.705520712)"
HW545435,9402303,11/23/2013 03:00:00 PM,036XX N HALSTED ST,890,THEFT,FROM BUILDING,OTHER,FALSE,FALSE,1925,46,6,1170311,1924508,2013,11/29/2013 11:28:04 AM,41.948341826,-87.649368962,"(41.948341826, -87.649368962)"
HW545434,9402340,11/22/2013 09:30:00 PM,049XX N MONITOR AVE,820,THEFT,$500 AND UNDER,STREET,FALSE,FALSE,1622,45,6,1136221,1932552,2013,11/29/2013 11:02:34 AM,41.971093456,-87.774485321,"(41.971093456, -87.774485321)"
HW545526,9402360,11/23/2013 04:30:00 PM,026XX N CLYBOURN AVE,810,THEFT,OVER $500,STREET,FALSE,FALSE,1931,32,6,1163652,1917372,2013,11/29/2013 09:52:55 AM,41.928903452,-87.674047729,"(41.928903452, -87.674047729)"
HW545669,9402471,11/23/2013 02:00:00 PM,042XX W WILCOX ST,820,THEFT,$500 AND UNDER,APARTMENT,FALSE,FALSE,1115,28,6,1147890,1898953,2013,11/29/2013 10:30:36 AM,41.878677784,-87.732442491,"(41.878677784, -87.732442491)"
HW545694,9402498,11/22/2013 12:01:00 AM,050XX N SPAULDING AVE,810,THEFT,OVER $500,COLLEGE/UNIVERSITY RESIDENCE HALL,FALSE,FALSE,1713,39,6,1153435,1933083,2013,11/29/2013 11:55:48 AM,41.972224974,-87.711172949,"(41.972224974, -87.711172949)"
HW545584,9402577,11/23/2013 05:55:00 PM,053XX N BROADWAY,860,THEFT,RETAIL THEFT,GROCERY FOOD STORE,FALSE,FALSE,2023,48,6,1167383,1935799,2013,11/29/2013 11:44:23 AM,41.979388345,-87.659805388,"(41.979388345, -87.659805388)"
HW545983,9402741,11/23/2013 11:14:00 PM,008XX N ST LOUIS AVE,820,THEFT,$500 AND UNDER,RESIDENCE,FALSE,FALSE,1121,27,6,1152931,1905455,2013,11/29/2013 11:02:52 AM,41.896421592,-87.713760444,"(41.896421592, -87.713760444)"
HW544625,9401779,11/22/2013 10:30:00 PM,015XX N DAMEN AVE,820,THEFT,$500 AND UNDER,STREET,FALSE,FALSE,1424,1,6,1162756,1909864,2013,11/29/2013 11:41:06 AM,41.908319854,-87.677551208,"(41.908319854, -87.677551208)"
HW544568,9401857,11/22/2013 09:20:00 PM,022XX W DEVON AVE,820,THEFT,$500 AND UNDER,STREET,FALSE,FALSE,2413,50,6,1160116,1942410,2013,11/29/2013 11:51:02 AM,41.997682869,-87.686346667,"(41.997682869, -87.686346667)"
HW544870,9401949,11/22/2013 05:00:00 PM,041XX W BELMONT AVE,890,THEFT,FROM BUILDING,CONSTRUCTION SITE,FALSE,FALSE,1731,31,6,1148072,1920993,2013,11/29/2013 11:31:31 AM,41.939154256,-87.731206124,"(41.939154256, -87.731206124)"
HW545140,9402157,11/22/2013 09:30:00 PM,023XX W NORTH AVE,810,THEFT,OVER $500,RESIDENCE,FALSE,FALSE,1424,1,6,1160628,1910547,2013,11/29/2013 11:13:41 AM,41.910238436,-87.685349457,"(41.910238436, -87.685349457)"
HW543886,9401297,11/21/2013 10:30:00 PM,020XX W BARRY AVE,820,THEFT,$500 AND UNDER,STREET,FALSE,FALSE,1931,32,6,1162369,1920545,2013,11/29/2013 11:00:13 AM,41.937637332,-87.678673303,"(41.937637332, -87.678673303)"
HW544188,9401351,11/21/2013 01:00:00 PM,006XX W OAKDALE AVE,820,THEFT,$500 AND UNDER,APARTMENT,FALSE,FALSE,1934,44,6,1171148,1919892,2013,11/29/2013 11:03:42 AM,41.935656975,-87.646428311,"(41.935656975, -87.646428311)"
HW544104,9401405,11/21/2013 09:45:00 AM,052XX W GRAND AVE,810,THEFT,OVER $500,ALLEY,FALSE,FALSE,2515,37,6,1141162,1912949,2013,11/29/2013 08:54:24 AM,41.917211064,-87.756801324,"(41.917211064, -87.756801324)"
HW544091,9401406,11/21/2013 11:00:00 AM,051XX W CRYSTAL ST,810,THEFT,OVER $500,ALLEY,FALSE,FALSE,2533,37,6,1141536,1907870,2013,11/29/2013 11:19:34 AM,41.903266815,-87.755552925,"(41.903266815, -87.755552925)"
HW544084,9401407,11/21/2013 10:00:00 AM,051XX W GRAND AVE,810,THEFT,OVER $500,ALLEY,FALSE,FALSE,2522,37,6,1141494,1912876,2013,11/29/2013 11:31:55 AM,41.917004614,-87.755583343,"(41.917004614, -87.755583343)"
HW544072,9401590,11/16/2013 06:50:00 AM,008XX S KEDVALE AVE,810,THEFT,OVER $500,RESIDENCE,FALSE,FALSE,1132,24,6,1148811,1895909,2013,11/29/2013 10:47:00 AM,41.870306952,-87.72913941,"(41.870306952, -87.72913941)"
HW547260,9404533,11/25/2013 10:30:00 AM,024XX W DIVISION ST,810,THEFT,OVER $500,VEHICLE NON-COMMERCIAL,FALSE,FALSE,1423,26,6,1159822,1907944,2013,11/29/2013 08:37:16 AM,41.903112269,-87.688382285,"(41.903112269, -87.688382285)"
HW548063,9404657,11/24/2013 04:00:00 PM,017XX N MOZART ST,810,THEFT,OVER $500,STREET,FALSE,FALSE,1421,1,6,1157185,1911734,2013,11/29/2013 08:26:02 AM,41.913566339,-87.697965414,"(41.913566339, -87.697965414)"
HW547306,9403997,11/24/2013 09:30:00 PM,074XX N OAKLEY AVE,810,THEFT,OVER $500,VEHICLE NON-COMMERCIAL,FALSE,FALSE,2411,49,6,1159707,1949050,2013,11/29/2013 11:41:41 AM,42.015911702,-87.687667013,"(42.015911702, -87.687667013)"
HW547363,9404050,11/22/2013 06:00:00 PM,069XX N BELL AVE,820,THEFT,$500 AND UNDER,STREET,FALSE,FALSE,2411,50,6,1160137,1946201,2013,11/29/2013 10:30:00 AM,42.008085058,-87.686164004,"(42.008085058, -87.686164004)"
HW547510,9404251,11/25/2013 03:15:00 PM,021XX W HOWARD ST,810,THEFT,OVER $500,OTHER,FALSE,FALSE,2424,49,6,1160926,1950316,2013,11/29/2013 11:30:42 AM,42.019360316,-87.683146092,"(42.019360316, -87.683146092)"
HW546469,9403171,11/22/2013 05:35:00 PM,037XX N LINCOLN AVE,810,THEFT,OVER $500,GROCERY FOOD STORE,FALSE,FALSE,1922,47,6,1163157,1925031,2013,11/29/2013 10:01:16 AM,41.949930609,-87.675650766,"(41.949930609, -87.675650766)"
HW546475,9403181,11/23/2013 10:00:00 AM,030XX N KENMORE AVE,820,THEFT,$500 AND UNDER,STREET,FALSE,FALSE,1933,44,6,1168718,1920155,2013,11/29/2013 11:40:37 AM,41.936431739,-87.655351022,"(41.936431739, -87.655351022)"
HW546446,9403200,11/22/2013 06:30:00 PM,064XX N RAVENSWOOD AVE,810,THEFT,OVER $500,STREET,FALSE,FALSE,2432,50,6,1163154,1942585,2013,11/29/2013 10:49:36 AM,41.998099542,-87.675166044,"(41.998099542, -87.675166044)"
HW539837,9403209,11/19/2013 07:00:00 AM,037XX N KOSTNER AVE,810,THEFT,OVER $500,STREET,FALSE,FALSE,1731,38,6,1146153,1924567,2013,11/29/2013 11:50:33 AM,41.948998393,-87.738167828,"(41.948998393, -87.738167828)"
HW546937,9403528,11/25/2013 05:40:00 AM,017XX N MILWAUKEE AVE,810,THEFT,OVER $500,PARKING LOT/GARAGE(NON.RESID.),FALSE,FALSE,1434,32,6,1161902,1911304,2013,11/29/2013 08:46:50 AM,41.912289193,-87.68064812,"(41.912289193, -87.68064812)"
HW546243,9403589,11/24/2013 08:00:00 AM,058XX N RIDGE AVE,810,THEFT,OVER $500,NURSING HOME/RETIREMENT HOME,FALSE,FALSE,2013,48,6,1164952,1939187,2013,11/29/2013 12:09:46 PM,41.988737226,-87.668648861,"(41.988737226, -87.668648861)"
HW545993,9402744,11/24/2013 04:07:00 AM,010XX W BELMONT AVE,820,THEFT,$500 AND UNDER,BANK,FALSE,FALSE,1924,44,6,1168911,1921462,2013,11/29/2013 11:04:11 AM,41.940014015,-87.6546037,"(41.940014015, -87.6546037)"
HW549278,9405876,11/24/2013 07:00:00 PM,049XX N WINCHESTER AVE,810,THEFT,OVER $500,STREET,FALSE,FALSE,2032,47,6,1162479,1932862,2013,11/29/2013 11:25:56 AM,41.971433494,-87.677922839,"(41.971433494, -87.677922839)"
HW548467,9405363,11/26/2013 02:00:00 AM,013XX N HOYNE AVE,820,THEFT,$500 AND UNDER,STREET,FALSE,FALSE,1424,32,6,1162111,1909140,2013,11/29/2013 11:58:44 AM,41.906346652,-87.679940871,"(41.906346652, -87.679940871)"
HW548615,9405499,11/26/2013 02:00:00 AM,035XX W ADDISON ST,810,THEFT,OVER $500,CTA TRAIN,FALSE,FALSE,1732,35,6,1152383,1923751,2013,11/29/2013 10:13:40 AM,41.946638233,-87.715288852,"(41.946638233, -87.715288852)"
HW548723,9405660,11/26/2013 07:55:00 AM,021XX N LONG AVE,810,THEFT,OVER $500,"SCHOOL, PUBLIC, GROUNDS",FALSE,FALSE,2515,37,6,1139990,1913950,2013,11/29/2013 11:28:32 AM,41.919979458,-87.761082782,"(41.919979458, -87.761082782)"
HW548430,9404998,11/25/2013 07:30:00 AM,054XX W FULLERTON AVE,810,THEFT,OVER $500,"SCHOOL, PUBLIC, GROUNDS",FALSE,FALSE,2515,37,6,1139856,1915388,2013,11/29/2013 09:26:54 AM,41.923927939,-87.761539898,"(41.923927939, -87.761539898)"
HW548408,9405002,11/25/2013 07:45:00 PM,017XX N DAMEN AVE,810,THEFT,OVER $500,STREET,FALSE,FALSE,1434,32,6,1162713,1911487,2013,11/29/2013 11:47:49 AM,41.912774384,-87.677663592,"(41.912774384, -87.677663592)"
HW548435,9405014,11/25/2013 09:30:00 PM,021XX W TOUHY AVE,820,THEFT,$500 AND UNDER,STREET,FALSE,FALSE,2411,50,6,1160707,1947671,2013,11/29/2013 11:34:55 AM,42.012106934,-87.684025819,"(42.012106934, -87.684025819)"
HW548602,9405199,11/26/2013 12:15:00 AM,059XX W LAWRENCE AVE,820,THEFT,$500 AND UNDER,OTHER,FALSE,FALSE,1622,45,6,1136023,1931267,2013,11/29/2013 11:39:07 AM,41.967570839,-87.77524418,"(41.967570839, -87.77524418)"
HW549976,9406705,11/25/2013 11:30:00 PM,019XX W SUMMERDALE AVE,820,THEFT,$500 AND UNDER,STREET,FALSE,FALSE,2012,40,6,1162386,1935579,2013,11/29/2013 10:12:46 AM,41.978891004,-87.678188404,"(41.978891004, -87.678188404)"
HW549796,9406806,11/26/2013 04:00:00 PM,027XX W NORTH AVE,810,THEFT,OVER $500,VEHICLE NON-COMMERCIAL,FALSE,FALSE,1421,1,6,1158054,1910568,2013,11/29/2013 11:40:14 AM,41.910349033,-87.694804766,"(41.910349033, -87.694804766)"
HW549714,9406910,11/26/2013 03:00:00 PM,044XX N BERNARD ST,890,THEFT,FROM BUILDING,RESIDENCE,FALSE,TRUE,1723,33,6,1152552,1929166,2013,11/29/2013 10:16:11 AM,41.961494026,-87.714523936,"(41.961494026, -87.714523936)"
HW550122,9406940,11/20/2013 07:00:00 PM,024XX N STOCKTON DR,810,THEFT,OVER $500,STREET,FALSE,FALSE,1935,43,6,1173395,1916697,2013,11/29/2013 09:00:31 AM,41.92684007,-87.638265699,"(41.92684007, -87.638265699)"
HW550143,9406987,11/19/2013 12:00:00 PM,001XX S CENTRAL AVE,810,THEFT,OVER $500,APARTMENT,FALSE,FALSE,1513,29,6,1139038,1898838,2013,11/29/2013 12:02:44 PM,41.878527677,-87.764948501,"(41.878527677, -87.764948501)"
HW550342,9407133,11/22/2013 12:01:00 AM,006XX W DEMING PL,890,THEFT,FROM BUILDING,RESIDENCE PORCH/HALLWAY,FALSE,FALSE,1935,43,6,1171723,1917072,2013,11/29/2013 11:44:58 AM,41.927906114,-87.644398441,"(41.927906114, -87.644398441)"
HW550144,9407607,11/25/2013 07:00:00 PM,0000X W 87TH ST,810,THEFT,OVER $500,CTA PLATFORM,FALSE,FALSE,634,21,6,1177569,1847247,2013,11/29/2013 06:24:00 AM,41.736169954,-87.625032414,"(41.736169954, -87.625032414)"
HW550951,9407623,11/24/2013 07:00:00 PM,012XX W FARWELL AVE,810,THEFT,OVER $500,RESIDENCE,FALSE,FALSE,2431,49,6,1166513,1945722,2013,11/29/2013 08:49:53 AM,42.006636017,-87.662719093,"(42.006636017, -87.662719093)"
HW549000,9407658,11/26/2013 04:00:00 PM,084XX S MARQUETTE AVE,890,THEFT,FROM BUILDING,RESIDENCE,FALSE,FALSE,423,7,6,1195672,1849422,2013,11/29/2013 06:18:01 AM,41.741710357,-87.558638746,"(41.741710357, -87.558638746)"
HW549036,9407661,11/26/2013 04:20:00 PM,021XX N KEDZIE AVE,810,THEFT,OVER $500,RESIDENTIAL YARD (FRONT/BACK),FALSE,FALSE,1414,35,6,1154735,1913991,2013,11/29/2013 10:18:39 AM,41.919809188,-87.706905693,"(41.919809188, -87.706905693)"
HW548836,9407672,11/26/2013 01:50:00 PM,069XX S THROOP ST,890,THEFT,FROM BUILDING,RESIDENCE,FALSE,FALSE,734,17,6,1168826,1858436,2013,11/29/2013 05:50:14 AM,41.767067077,-87.656741304,"(41.767067077, -87.656741304)"
HW549600,9406157,11/26/2013 11:00:00 PM,032XX N SHEFFIELD AVE,820,THEFT,$500 AND UNDER,STREET,FALSE,FALSE,1924,44,6,1169000,1921639,2013,11/29/2013 11:05:49 AM,41.940497777,-87.654271445,"(41.940497777, -87.654271445)"
HW549621,9406173,11/27/2013 02:20:00 AM,001XX N AUSTIN BLVD,820,THEFT,$500 AND UNDER,SIDEWALK,TRUE,FALSE,1512,29,6,1136400,1900366,2013,11/29/2013 12:13:20 PM,41.882768247,-87.774598318,"(41.882768247, -87.774598318)"
HW549674,9406234,11/19/2013 11:24:00 AM,070XX N PAULINA ST,810,THEFT,OVER $500,RESIDENCE PORCH/HALLWAY,FALSE,FALSE,2423,49,6,1163859,1947149,2013,11/29/2013 09:16:56 AM,42.010608366,-87.672442996,"(42.010608366, -87.672442996)"
HW549857,9406567,10/31/2013 02:00:00 AM,006XX W IRVING PARK RD,810,THEFT,OVER $500,OTHER,FALSE,FALSE,1925,46,6,1170870,1926754,2013,11/29/2013 12:11:46 PM,41.954492668,-87.647248118,"(41.954492668, -87.647248118)"
HW549846,9406579,11/26/2013 07:30:00 PM,019XX W POTOMAC AVE,810,THEFT,OVER $500,STREET,FALSE,FALSE,1424,1,6,1163177,1908706,2013,11/29/2013 11:45:20 AM,41.905133376,-87.676037264,"(41.905133376, -87.676037264)"
HW549192,9405829,11/24/2013 02:00:00 PM,014XX W CUYLER AVE,810,THEFT,OVER $500,STREET,FALSE,FALSE,1912,47,6,1165644,1927027,2013,11/29/2013 09:20:45 AM,41.955354991,-87.666451772,"(41.955354991, -87.666451772)"
HW548740,9408554,11/26/2013 12:00:00 PM,055XX S DORCHESTER AVE,820,THEFT,$500 AND UNDER,STREET,FALSE,FALSE,235,5,6,1186460,1868268,2013,11/29/2013 11:49:03 AM,41.793648081,-87.591795348,"(41.793648081, -87.591795348)"
HW551946,9408642,11/21/2013 11:00:00 AM,053XX W BELMONT AVE,820,THEFT,$500 AND UNDER,BARBERSHOP,FALSE,FALSE,2514,30,6,1140334,1920720,2013,11/29/2013 12:14:03 PM,41.938550739,-87.759652421,"(41.938550739, -87.759652421)"
HW548811,9407676,11/26/2013 01:35:00 PM,015XX W 110TH ST,840,THEFT,FINANCIAL ID THEFT: OVER $300,RESIDENCE,FALSE,FALSE,2234,34,6,1167661,1831737,2013,11/29/2013 10:36:35 AM,41.693826126,-87.661775045,"(41.693826126, -87.661775045)"
HW551127,9407764,11/21/2013 08:30:00 AM,060XX S LAFAYETTE AVE,820,THEFT,$500 AND UNDER,APARTMENT,FALSE,FALSE,311,20,6,1176985,1864601,2013,11/29/2013 06:38:52 AM,41.783804485,-87.626649676,"(41.783804485, -87.626649676)"
HW551181,9407818,11/11/2013 06:30:00 PM,006XX W HUBBARD ST,810,THEFT,OVER $500,STREET,FALSE,FALSE,1214,27,6,1171806,1903265,2013,11/29/2013 06:33:05 AM,41.890017142,-87.64450089,"(41.890017142, -87.64450089)"
HW551168,9407820,11/23/2013 12:00:00 PM,022XX E 69TH ST,820,THEFT,$500 AND UNDER,RESIDENCE,FALSE,FALSE,331,5,6,1192187,1859688,2013,11/29/2013 06:47:10 AM,41.769966487,-87.571074149,"(41.769966487, -87.571074149)"
HW551224,9407876,11/26/2013 11:30:00 PM,011XX N WINCHESTER AVE,810,THEFT,OVER $500,STREET,FALSE,FALSE,1212,1,6,1163156,1907540,2013,11/29/2013 06:14:47 AM,41.901934228,-87.676147216,"(41.901934228, -87.676147216)"
HW547432,9407892,11/24/2013 08:00:00 PM,022XX W CORTEZ ST,820,THEFT,$500 AND UNDER,STREET,FALSE,FALSE,1212,32,6,1161242,1906990,2013,11/29/2013 06:42:12 AM,41.900465004,-87.683192897,"(41.900465004, -87.683192897)"
HW551295,9407920,11/14/2013 08:00:00 AM,034XX W DIVERSEY AVE,820,THEFT,$500 AND UNDER,STREET,FALSE,FALSE,1412,35,6,1153090,1918368,2013,11/29/2013 08:57:00 AM,41.931852852,-87.712833338,"(41.931852852, -87.712833338)"
HW550171,9407935,11/26/2013 05:00:00 PM,004XX N WABASH AVE,890,THEFT,FROM BUILDING,HOTEL/MOTEL,FALSE,FALSE,1834,42,6,1176705,1903079,2013,11/29/2013 06:36:29 AM,41.88939742,-87.626515381,"(41.88939742, -87.626515381)"
HW551415,9407996,11/24/2013 07:00:00 PM,070XX S EAST END AVE,820,THEFT,$500 AND UNDER,STREET,FALSE,FALSE,332,5,6,1188949,1858849,2013,11/29/2013 06:37:39 AM,41.767742337,-87.582969909,"(41.767742337, -87.582969909)"
HW545429,9408033,11/19/2013 08:00:00 AM,028XX W HARRISON ST,810,THEFT,OVER $500,APARTMENT,FALSE,FALSE,1135,2,6,1157605,1897202,2013,11/29/2013 08:14:35 AM,41.873680682,-87.696818473,"(41.873680682, -87.696818473)"
HW551509,9408072,11/15/2013 12:01:00 AM,011XX S CALIFORNIA AVE,843,THEFT,ATTEMPT FINANCIAL IDENTITY THEFT,APARTMENT,FALSE,FALSE,1135,28,6,1157823,1894979,2013,11/29/2013 10:39:36 AM,41.867576108,-87.696078673,"(41.867576108, -87.696078673)"
HW551340,9408119,11/24/2013 10:00:00 PM,070XX N PAULINA ST,820,THEFT,$500 AND UNDER,STREET,FALSE,FALSE,2423,49,6,1163952,1946732,2013,11/29/2013 08:27:01 AM,42.009462138,-87.672112665,"(42.009462138, -87.672112665)"
HW551692,9408231,11/27/2013 12:00:00 AM,008XX W MONTROSE AVE,820,THEFT,$500 AND UNDER,STREET,FALSE,FALSE,1914,46,6,1169612,1929453,2013,11/29/2013 09:53:59 AM,41.961926358,-87.651793769,"(41.961926358, -87.651793769)"
HW550069,9408245,11/26/2013 12:01:00 AM,022XX N CALIFORNIA AVE,820,THEFT,$500 AND UNDER,SIDEWALK,FALSE,FALSE,1414,35,6,1157298,1914721,2013,11/29/2013 09:19:59 AM,41.921760604,-87.69746891,"(41.921760604, -87.69746891)"
HW550125,9408247,11/08/2013 12:30:00 PM,027XX N ELSTON AVE,890,THEFT,FROM BUILDING,COMMERCIAL / BUSINESS OFFICE,FALSE,FALSE,1432,1,6,1160455,1918084,2013,11/29/2013 11:00:22 AM,41.930924082,-87.685775914,"(41.930924082, -87.685775914)"
HW548895,9408375,11/26/2013 08:30:00 AM,035XX W IRVING PARK RD,820,THEFT,$500 AND UNDER,VEHICLE NON-COMMERCIAL,FALSE,FALSE,1732,35,6,1152168,1926324,2013,11/29/2013 09:35:43 AM,41.953702983,-87.716011011,"(41.953702983, -87.716011011)"
HW490235,9406703,10/12/2013 01:53:00 PM,030XX W AINSLIE ST,890,THEFT,FROM BUILDING,LIBRARY,FALSE,FALSE,1713,33,6,1154875,1932430,2013,11/29/2013 10:43:54 AM,41.970404286,-87.705895389,"(41.970404286, -87.705895389)"
HW436927,9292105,09/03/2013 11:00:00 AM,102XX S AVENUE J,820,THEFT,$500 AND UNDER,"SCHOOL, PUBLIC, BUILDING",FALSE,FALSE,432,10,6,1202443,1837879,2013,11/29/2013 09:42:40 AM,41.709865586,-87.534223281,"(41.709865586, -87.534223281)"
HW235350,9090356,04/16/2013 11:00:00 AM,060XX S MAY ST,810,THEFT,OVER $500,STREET,FALSE,FALSE,712,16,6,1169725,1864759,2013,11/29/2013 01:45:42 AM,41.784398709,-87.653262824,"(41.784398709, -87.653262824)"
HW532746,9389673,11/14/2013 06:20:00 AM,001XX N CLINTON ST,860,THEFT,RETAIL THEFT,DRUG STORE,FALSE,FALSE,121,42,6,1172754,1900827,2013,11/28/2013 07:08:31 AM,41.883306183,-87.641091664,"(41.883306183, -87.641091664)"
HW532966,9389702,11/13/2013 08:00:00 PM,028XX S WENTWORTH AVE,810,THEFT,OVER $500,PARKING LOT/GARAGE(NON.RESID.),FALSE,FALSE,914,11,6,1175377,1885663,2013,11/28/2013 07:08:34 AM,41.84163667,-87.631914867,"(41.84163667, -87.631914867)"
HW531527,9388289,11/12/2013 05:30:00 PM,008XX N MICHIGAN AVE,860,THEFT,RETAIL THEFT,SMALL RETAIL STORE,FALSE,FALSE,1833,42,6,1177379,1906245,2013,11/28/2013 07:03:12 AM,41.898069817,-87.623944075,"(41.898069817, -87.623944075)"
HW530612,9387854,09/03/2013 06:30:00 AM,002XX E PEARSON ST,810,THEFT,OVER $500,RESIDENCE,FALSE,FALSE,1833,42,6,1178568,1906142,2013,11/28/2013 07:03:10 AM,41.897760119,-87.619580188,"(41.897760119, -87.619580188)"
HW530812,9387400,11/12/2013 10:00:00 AM,062XX S DR MARTIN LUTHER KING JR DR,820,THEFT,$500 AND UNDER,RESIDENCE,FALSE,FALSE,311,20,6,1179958,1863503,2013,11/28/2013 07:03:07 AM,41.780723898,-87.615783262,"(41.780723898, -87.615783262)"
HW529789,9386152,11/11/2013 06:20:00 PM,009XX W EASTWOOD AVE,810,THEFT,OVER $500,OTHER,FALSE,FALSE,1914,46,6,1169127,1931037,2013,11/28/2013 05:33:10 PM,41.966283477,-87.653530693,"(41.966283477, -87.653530693)"
HW529169,9385555,11/08/2013 03:30:00 PM,072XX S KEDZIE AVE,890,THEFT,FROM BUILDING,CHA PARKING LOT/GROUNDS,FALSE,FALSE,831,18,6,1156260,1856142,2013,11/28/2013 07:07:54 AM,41.761034003,-87.702862775,"(41.761034003, -87.702862775)"
HW528715,9385334,11/07/2013 07:00:00 AM,022XX S CENTRAL PARK AVE,810,THEFT,OVER $500,RESIDENCE,FALSE,TRUE,1013,22,6,1152684,1888697,2013,11/28/2013 07:07:51 AM,41.850440707,-87.715110944,"(41.850440707, -87.715110944)"
HW527941,9384654,11/10/2013 06:30:00 AM,045XX N ASHLAND AVE,890,THEFT,FROM BUILDING,OTHER,FALSE,FALSE,1912,47,6,1164877,1930299,2013,11/28/2013 05:29:58 PM,41.964349842,-87.669178178,"(41.964349842, -87.669178178)"
HW526418,9383371,11/08/2013 10:28:00 PM,011XX N CLARK ST,860,THEFT,RETAIL THEFT,DRUG STORE,FALSE,FALSE,1824,42,6,1175362,1908286,2013,11/28/2013 07:03:05 AM,41.903715947,-87.631290906,"(41.903715947, -87.631290906)"
HW525406,9383170,11/06/2013 02:45:00 PM,044XX S UNION AVE,810,THEFT,OVER $500,"SCHOOL, PUBLIC, BUILDING",FALSE,FALSE,925,11,6,1172336,1875299,2013,11/28/2013 07:08:25 AM,41.813264513,-87.643379708,"(41.813264513, -87.643379708)"
HW525945,9383049,11/07/2013 02:30:00 PM,069XX S MERRILL AVE,890,THEFT,FROM BUILDING,"SCHOOL, PUBLIC, BUILDING",FALSE,FALSE,331,5,6,1191708,1859204,2013,11/28/2013 07:03:03 AM,41.768649989,-87.572845613,"(41.768649989, -87.572845613)"
HW523118,9380701,10/16/2013 10:00:00 AM,020XX N ORCHARD ST,820,THEFT,$500 AND UNDER,"SCHOOL, PUBLIC, BUILDING",FALSE,FALSE,1812,43,6,1171321,1913601,2013,11/28/2013 07:03:01 AM,41.91839038,-87.645977864,"(41.91839038, -87.645977864)"
HW523311,9380209,10/31/2013 12:10:00 PM,047XX N MARINE DR,860,THEFT,RETAIL THEFT,DRUG STORE,FALSE,FALSE,1914,46,6,1170227,1931680,2013,11/28/2013 05:07:15 PM,41.968023867,-87.649467341,"(41.968023867, -87.649467341)"
HW521883,9378950,10/26/2013 05:00:00 PM,013XX N RITCHIE CT,810,THEFT,OVER $500,RESIDENCE PORCH/HALLWAY,FALSE,FALSE,1824,43,6,1176669,1909237,2013,11/28/2013 07:02:58 AM,41.906296082,-87.626461259,"(41.906296082, -87.626461259)"
HW522134,9378681,11/04/2013 08:00:00 AM,023XX S LAKE SHORE DR E,860,THEFT,RETAIL THEFT,RESTAURANT,TRUE,FALSE,132,2,6,1180548,1889118,2013,11/28/2013 07:07:32 AM,41.850999963,-87.612832832,"(41.850999963, -87.612832832)"
HW521140,9378041,11/05/2013 06:18:00 AM,046XX N MARINE DR,890,THEFT,FROM BUILDING,HOSPITAL BUILDING/GROUNDS,FALSE,FALSE,1914,46,6,1170325,1931238,2013,11/28/2013 05:05:52 PM,41.966808859,-87.649119983,"(41.966808859, -87.649119983)"
HW510417,9367090,10/27/2013 05:00:00 AM,026XX W LAWRENCE AVE,810,THEFT,OVER $500,BAR OR TAVERN,FALSE,FALSE,1911,47,6,1157953,1931742,2013,11/28/2013 05:02:42 PM,41.968453963,-87.694596219,"(41.968453963, -87.694596219)"
HW504141,9361345,10/23/2013 11:45:00 AM,063XX S ARTESIAN AVE,820,THEFT,$500 AND UNDER,APARTMENT,FALSE,FALSE,825,15,6,1161168,1862583,2013,11/28/2013 07:04:11 AM,41.778608906,-87.684696479,"(41.778608906, -87.684696479)"
HW495726,9352083,10/16/2013 07:30:00 PM,008XX N MICHIGAN AVE,860,THEFT,RETAIL THEFT,DEPARTMENT STORE,TRUE,FALSE,1833,42,6,1177376,1906134,2013,11/28/2013 07:04:41 AM,41.897765295,-87.623958464,"(41.897765295, -87.623958464)"
HW543615,9400749,11/21/2013 01:30:00 PM,075XX N WESTERN AVE,870,THEFT,POCKET-PICKING,CTA TRAIN,FALSE,FALSE,2411,50,6,1158976,1949959,2013,11/28/2013 10:58:18 AM,42.018421122,-87.690331738,"(42.018421122, -87.690331738)"
HW542705,9399786,11/15/2013 04:00:00 PM,036XX N HALSTED ST,820,THEFT,$500 AND UNDER,RESIDENTIAL YARD (FRONT/BACK),FALSE,FALSE,1925,46,6,1170312,1924472,2013,11/28/2013 05:47:32 PM,41.948243019,-87.649366342,"(41.948243019, -87.649366342)"
HW542707,9399790,11/17/2013 05:18:00 PM,032XX N HALSTED ST,820,THEFT,$500 AND UNDER,ATHLETIC CLUB,FALSE,FALSE,1924,44,6,1170315,1921733,2013,11/28/2013 05:50:04 PM,41.94072703,-87.649435644,"(41.94072703, -87.649435644)"
HW538698,9394913,11/18/2013 05:09:00 PM,0000X E GRAND AVE,860,THEFT,RETAIL THEFT,DEPARTMENT STORE,FALSE,FALSE,1834,42,6,1176870,1903880,2013,11/28/2013 07:08:43 AM,41.891591674,-87.625885187,"(41.891591674, -87.625885187)"
HW534767,9391658,11/15/2013 11:16:00 AM,010XX W DIVISION ST,810,THEFT,OVER $500,PARKING LOT/GARAGE(NON.RESID.),FALSE,FALSE,1822,32,6,1169273,1908220,2013,11/28/2013 07:08:37 AM,41.903669403,-87.653658985,"(41.903669403, -87.653658985)"
HW546168,9402903,11/24/2013 11:20:00 AM,033XX W MONROE ST,810,THEFT,OVER $500,RESIDENCE,FALSE,FALSE,1124,28,6,1154085,1899376,2013,11/28/2013 10:38:00 AM,41.879717267,-87.709684261,"(41.879717267, -87.709684261)"
HW546214,9402958,11/24/2013 03:00:00 AM,013XX N CLAREMONT AVE,810,THEFT,OVER $500,STREET,FALSE,FALSE,1424,1,6,1160460,1908787,2013,11/28/2013 10:33:34 AM,41.905412341,-87.686015416,"(41.905412341, -87.686015416)"
HW546331,9402988,11/24/2013 12:55:00 PM,049XX N MILWAUKEE AVE,870,THEFT,POCKET-PICKING,CTA TRAIN,FALSE,FALSE,1623,45,6,1139458,1932238,2013,11/28/2013 10:42:27 AM,41.970173254,-87.76259005,"(41.970173254, -87.76259005)"
HW546015,9402766,11/23/2013 10:00:00 PM,013XX N PINE AVE,810,THEFT,OVER $500,STREET,FALSE,FALSE,2532,37,6,1139221,1908231,2013,11/28/2013 11:18:22 AM,41.904299913,-87.764047727,"(41.904299913, -87.764047727)"
HW546032,9402799,11/23/2013 11:00:00 PM,038XX W WABANSIA AVE,820,THEFT,$500 AND UNDER,STREET,FALSE,FALSE,2535,30,6,1150668,1910987,2013,11/28/2013 11:11:28 AM,41.911646485,-87.721927271,"(41.911646485, -87.721927271)"
HW545622,9402483,11/23/2013 04:30:00 PM,011XX S CANAL ST,890,THEFT,FROM BUILDING,RESTAURANT,FALSE,FALSE,124,2,6,1173340,1895547,2013,11/28/2013 07:09:03 AM,41.868804524,-87.639096677,"(41.868804524, -87.639096677)"
HW545697,9402523,11/23/2013 02:02:00 PM,002XX E DELAWARE PL,890,THEFT,FROM BUILDING,HOTEL/MOTEL,FALSE,FALSE,1833,42,6,1177986,1906639,2013,11/28/2013 07:38:52 AM,41.899137176,-87.621702643,"(41.899137176, -87.621702643)"
HW545108,9402148,11/23/2013 11:14:00 AM,041XX W MONROE ST,820,THEFT,$500 AND UNDER,RESIDENCE,FALSE,TRUE,1115,28,6,1148768,1899298,2013,05/15/2014 12:36:49 PM,41.87960759,-87.729209705,"(41.87960759, -87.729209705)"
HW544958,9402021,11/22/2013 12:30:00 PM,077XX S STONY ISLAND AVE,820,THEFT,$500 AND UNDER,PARKING LOT/GARAGE(NON.RESID.),FALSE,FALSE,411,5,6,1188101,1853814,2013,11/24/2013 05:26:22 AM,41.753946107,-87.586238443,"(41.753946107, -87.586238443)"
HW544733,9401814,11/23/2013 12:55:00 AM,007XX W CORNELIA AVE,820,THEFT,$500 AND UNDER,SIDEWALK,TRUE,FALSE,1925,46,6,1170547,1923494,2013,11/28/2013 10:32:31 AM,41.945554201,-87.64853126,"(41.945554201, -87.64853126)"
HW544407,9401777,11/22/2013 04:40:00 PM,054XX W MADISON ST,810,THEFT,OVER $500,STREET,FALSE,FALSE,1522,28,6,1140185,1899531,2013,11/28/2013 11:15:51 AM,41.880408436,-87.760719918,"(41.880408436, -87.760719918)"
HW544324,9401604,11/21/2013 07:00:00 PM,021XX N STAVE ST,820,THEFT,$500 AND UNDER,VEHICLE NON-COMMERCIAL,FALSE,FALSE,1431,1,6,1157544,1914306,2013,11/28/2013 10:39:04 AM,41.920616803,-87.69657636,"(41.920616803, -87.69657636)"
HW534626,9401426,11/14/2013 09:30:00 AM,006XX N CHRISTIANA AVE,890,THEFT,FROM BUILDING,APARTMENT,FALSE,FALSE,1121,27,6,1153883,1904284,2013,11/28/2013 10:35:01 AM,41.893189337,-87.710295136,"(41.893189337, -87.710295136)"
HW544078,9401360,11/20/2013 01:30:00 PM,019XX W GEORGE ST,820,THEFT,$500 AND UNDER,RESIDENCE PORCH/HALLWAY,FALSE,FALSE,1931,32,6,1162908,1919229,2013,11/28/2013 10:39:39 AM,41.934014839,-87.676729426,"(41.934014839, -87.676729426)"
HW544164,9401403,11/21/2013 09:30:00 AM,053XX W GRAND AVE,810,THEFT,OVER $500,ALLEY,FALSE,FALSE,2515,37,6,1140114,1913200,2013,11/28/2013 10:37:41 AM,41.917919104,-87.76064558,"(41.917919104, -87.76064558)"
HW544068,9401410,11/21/2013 10:30:00 AM,048XX W ARMITAGE AVE,810,THEFT,OVER $500,ALLEY,FALSE,FALSE,2522,31,6,1143930,1912905,2013,11/28/2013 11:10:28 AM,41.917038812,-87.746632649,"(41.917038812, -87.746632649)"
HW544052,9401412,11/21/2013 10:45:00 AM,012XX N LARAMIE AVE,810,THEFT,OVER $500,ALLEY,FALSE,FALSE,2532,37,6,1141431,1907795,2013,11/28/2013 11:18:46 AM,41.903062946,-87.755940472,"(41.903062946, -87.755940472)"
HW547499,9404282,11/21/2013 09:30:00 PM,011XX S MONITOR AVE,820,THEFT,$500 AND UNDER,STREET,FALSE,FALSE,1513,29,6,1137597,1894557,2013,11/28/2013 11:23:55 AM,41.866806093,-87.770342736,"(41.866806093, -87.770342736)"
HW547223,9403845,10/25/2013 02:00:00 PM,062XX S RICHMOND ST,810,THEFT,OVER $500,RESIDENCE,FALSE,FALSE,823,15,6,1157831,1862992,2013,11/28/2013 11:46:30 AM,41.779799682,-87.696919136,"(41.779799682, -87.696919136)"
HW547221,9403862,10/11/2013 06:00:00 AM,062XX N RICHMOND ST,810,THEFT,OVER $500,RESIDENCE,FALSE,FALSE,2413,50,6,1155590,1941220,2013,11/28/2013 10:35:53 AM,41.99451009,-87.70302843,"(41.99451009, -87.70302843)"
HW547129,9403819,11/22/2013 03:30:00 PM,016XX N AVERS AVE,810,THEFT,OVER $500,STREET,FALSE,FALSE,2535,30,6,1150504,1910573,2013,11/28/2013 11:11:03 AM,41.910513636,-87.722540591,"(41.910513636, -87.722540591)"
HW547205,9403826,11/25/2013 10:00:00 AM,027XX N SOUTHPORT AVE,820,THEFT,$500 AND UNDER,GAS STATION,FALSE,FALSE,1932,32,6,1166455,1918665,2013,11/28/2013 11:23:31 AM,41.93239191,-87.663710531,"(41.93239191, -87.663710531)"
HW547019,9403693,11/22/2013 12:00:00 AM,042XX N MOODY AVE,820,THEFT,$500 AND UNDER,STREET,FALSE,FALSE,1624,38,6,1134635,1927436,2013,11/28/2013 10:38:29 AM,41.957082894,-87.780438699,"(41.957082894, -87.780438699)"
HW546908,9403459,11/24/2013 03:00:00 PM,049XX W FLOURNOY ST,820,THEFT,$500 AND UNDER,PARKING LOT/GARAGE(NON.RESID.),FALSE,FALSE,1533,24,6,1143839,1896548,2013,11/28/2013 11:30:31 AM,41.872155031,-87.747377406,"(41.872155031, -87.747377406)"
HW546293,9403476,11/16/2013 01:00:00 PM,050XX W DEMING PL,890,THEFT,FROM BUILDING,ABANDONED BUILDING,FALSE,FALSE,2521,31,6,1142412,1916539,2013,11/28/2013 11:19:09 AM,41.927039248,-87.752119357,"(41.927039248, -87.752119357)"
HW546554,9403296,11/24/2013 03:30:00 PM,048XX N CLARK ST,820,THEFT,$500 AND UNDER,SMALL RETAIL STORE,FALSE,FALSE,2032,46,6,1165199,1932844,2013,11/28/2013 09:51:26 AM,41.971326565,-87.667921606,"(41.971326565, -87.667921606)"
HW549219,9405817,11/13/2013 12:00:00 PM,055XX N SAWYER AVE,843,THEFT,ATTEMPT FINANCIAL IDENTITY THEFT,RESIDENCE,FALSE,FALSE,1712,40,6,1153754,1936657,2013,11/28/2013 11:07:04 AM,41.982025869,-87.70990428,"(41.982025869, -87.70990428)"
HW548968,9405659,11/16/2013 05:00:00 AM,009XX W WRIGHTWOOD AVE,810,THEFT,OVER $500,STREET,FALSE,FALSE,1935,43,6,1169564,1917505,2013,11/28/2013 10:44:48 AM,41.929141615,-87.652319257,"(41.929141615, -87.652319257)"
HW548975,9405672,09/23/2013 12:01:00 AM,011XX S WHIPPLE ST,841,THEFT,FINANCIAL ID THEFT:$300 &UNDER,APARTMENT,FALSE,FALSE,1134,28,6,1156159,1894998,2013,11/28/2013 10:58:00 AM,41.86766198,-87.702186998,"(41.86766198, -87.702186998)"
HW548936,9405686,11/26/2013 01:45:00 PM,055XX S HYDE PARK BLVD,820,THEFT,$500 AND UNDER,CTA BUS,FALSE,FALSE,235,5,6,1188636,1868797,2013,11/28/2013 07:09:42 AM,41.795047912,-87.583799333,"(41.795047912, -87.583799333)"
HW549013,9405698,11/21/2013 06:30:00 PM,0000X W TERMINAL ST,820,THEFT,$500 AND UNDER,AIRPORT TRANSPORTATION SYSTEM (ATS),FALSE,FALSE,1651,41,6,1100317,1935189,2013,11/28/2013 08:52:57 AM,41.978896531,-87.906463888,"(41.978896531, -87.906463888)"
HW548834,9405721,11/21/2013 03:00:00 PM,057XX N NORTHWEST HWY,820,THEFT,$500 AND UNDER,RESIDENTIAL YARD (FRONT/BACK),FALSE,FALSE,1611,41,6,1132287,1938221,2013,11/28/2013 08:51:57 AM,41.986719233,-87.788818799,"(41.986719233, -87.788818799)"
HW549108,9405733,11/26/2013 02:00:00 PM,008XX S PLYMOUTH CT,820,THEFT,$500 AND UNDER,APARTMENT,FALSE,TRUE,123,2,6,1176235,1896230,2013,11/28/2013 11:49:25 AM,41.87061398,-87.628447976,"(41.87061398, -87.628447976)"
HW548767,9405552,11/24/2013 03:00:00 PM,021XX W SUMMERDALE AVE,810,THEFT,OVER $500,STREET,FALSE,FALSE,2012,40,6,1161101,1935465,2013,11/28/2013 10:17:35 AM,41.978605054,-87.682917238,"(41.978605054, -87.682917238)"
HW548897,9405598,02/07/2013 10:00:00 AM,074XX S ST LAWRENCE AVE,840,THEFT,FINANCIAL ID THEFT: OVER $300,RESIDENCE,FALSE,FALSE,323,6,6,1181567,1855665,2013,11/28/2013 10:59:54 AM,41.759178651,-87.610126051,"(41.759178651, -87.610126051)"
HW548751,9405636,11/26/2013 12:00:00 PM,070XX S WINCHESTER AVE,840,THEFT,FINANCIAL ID THEFT: OVER $300,RESIDENCE,FALSE,FALSE,735,17,6,1164619,1857706,2013,11/28/2013 11:00:33 AM,41.765153634,-87.672182283,"(41.765153634, -87.672182283)"
HW548634,9405344,08/29/2013 09:00:00 AM,099XX S PEORIA ST,841,THEFT,FINANCIAL ID THEFT:$300 &UNDER,RESIDENCE,FALSE,FALSE,2232,34,6,1172033,1838678,2013,11/28/2013 11:00:14 AM,41.712778635,-87.64556514,"(41.712778635, -87.64556514)"
HW548635,9405189,11/26/2013 08:00:00 AM,049XX W DAKIN ST,810,THEFT,OVER $500,STREET,FALSE,FALSE,1634,45,6,1142904,1925839,2013,11/28/2013 10:40:52 AM,41.952550164,-87.75007893,"(41.952550164, -87.75007893)"
HW548667,9405258,11/13/2013 10:00:00 AM,085XX S PAULINA ST,840,THEFT,FINANCIAL ID THEFT: OVER $300,RESIDENCE,FALSE,FALSE,614,18,6,1166541,1847996,2013,11/28/2013 10:57:07 AM,41.738467275,-87.665413849,"(41.738467275, -87.665413849)"
HW549765,9406469,11/26/2013 08:00:00 PM,034XX N RACINE AVE,820,THEFT,$500 AND UNDER,STREET,FALSE,FALSE,1924,44,6,1167724,1922755,2013,11/28/2013 10:36:20 AM,41.943587773,-87.65892889,"(41.943587773, -87.65892889)"
HW549825,9406470,11/16/2013 02:00:00 PM,016XX W 95TH ST,820,THEFT,$500 AND UNDER,PARKING LOT/GARAGE(NON.RESID.),FALSE,FALSE,2221,21,6,1167320,1841755,2013,11/28/2013 05:59:28 AM,41.721324412,-87.662737901,"(41.721324412, -87.662737901)"
HW549850,9406512,11/02/2013 12:00:00 PM,069XX S LAFLIN ST,810,THEFT,OVER $500,VACANT LOT/LAND,FALSE,FALSE,734,17,6,1167502,1858381,2013,11/28/2013 05:48:26 AM,41.766944627,-87.661595883,"(41.766944627, -87.661595883)"
HW549734,9406555,11/24/2013 02:00:00 PM,003XX E 109TH ST,820,THEFT,$500 AND UNDER,STREET,FALSE,FALSE,513,9,6,1180258,1832796,2013,11/28/2013 06:01:11 AM,41.696453403,-87.61562227,"(41.696453403, -87.61562227)"
HW549876,9406580,11/26/2013 10:00:00 PM,079XX S PEORIA ST,820,THEFT,$500 AND UNDER,STREET,FALSE,FALSE,621,17,6,1171723,1852248,2013,11/28/2013 06:08:03 AM,41.750023398,-87.64630377,"(41.750023398, -87.64630377)"
HW549525,9406077,11/26/2013 06:30:00 AM,033XX W MAYPOLE AVE,820,THEFT,$500 AND UNDER,STREET,FALSE,FALSE,1123,28,6,1153824,1900818,2013,11/28/2013 08:47:59 AM,41.883679464,-87.710604201,"(41.883679464, -87.710604201)"
HW549528,9406136,11/26/2013 02:00:00 PM,059XX W MADISON ST,820,THEFT,$500 AND UNDER,RESTAURANT,FALSE,FALSE,1513,29,6,1136528,1899353,2013,11/28/2013 10:19:48 AM,41.879986151,-87.774152527,"(41.879986151, -87.774152527)"
HW549601,9406156,11/26/2013 08:49:00 PM,052XX S HARPER AVE,820,THEFT,$500 AND UNDER,APARTMENT,FALSE,TRUE,234,4,6,1187140,1870924,2013,11/28/2013 11:45:05 AM,41.800920218,-87.589217569,"(41.800920218, -87.589217569)"
HW549357,9405921,11/26/2013 06:45:00 PM,009XX W BELMONT AVE,870,THEFT,POCKET-PICKING,CTA PLATFORM,FALSE,FALSE,1933,44,6,1169257,1921390,2013,11/28/2013 09:27:52 AM,41.939808919,-87.653334147,"(41.939808919, -87.653334147)"
HW549397,9405931,11/26/2013 08:20:00 PM,038XX W NORTH AVE,820,THEFT,$500 AND UNDER,GROCERY FOOD STORE,FALSE,FALSE,2535,30,6,1150244,1910394,2013,11/28/2013 11:20:20 AM,41.910027519,-87.723500416,"(41.910027519, -87.723500416)"
HW549176,9405773,02/28/2013 09:00:00 AM,071XX S CORNELL AVE,840,THEFT,FINANCIAL ID THEFT: OVER $300,APARTMENT,FALSE,FALSE,324,5,6,1188438,1857703,2013,11/28/2013 11:05:12 AM,41.764609832,-87.584879475,"(41.764609832, -87.584879475)"
HW549170,9405805,11/26/2013 03:30:00 PM,037XX N BROADWAY,820,THEFT,$500 AND UNDER,RESTAURANT,FALSE,FALSE,1925,46,6,1170523,1924837,2013,11/28/2013 10:44:18 AM,41.949239969,-87.648580037,"(41.949239969, -87.648580037)"
HW549840,9406595,10/31/2013 03:00:00 PM,012XX W 61ST ST,810,THEFT,OVER $500,ABANDONED BUILDING,FALSE,FALSE,713,16,6,1168966,1864365,2013,11/28/2013 05:04:21 AM,41.783333965,-87.656056996,"(41.783333965, -87.656056996)"
HW549827,9406597,11/26/2013 01:30:00 PM,006XX N MICHIGAN AVE,840,THEFT,FINANCIAL ID THEFT: OVER $300,SMALL RETAIL STORE,FALSE,FALSE,1834,42,6,1177345,1905076,2013,11/28/2013 11:04:51 AM,41.894862797,-87.624104445,"(41.894862797, -87.624104445)"
HW549672,9406617,11/25/2013 02:00:00 PM,076XX S PAULINA ST,820,THEFT,$500 AND UNDER,SIDEWALK,FALSE,FALSE,611,17,6,1166307,1853724,2013,11/28/2013 05:51:50 AM,41.754190709,-87.666108445,"(41.754190709, -87.666108445)"
HW549938,9406629,11/22/2013 04:00:00 PM,044XX W LAKE ST,810,THEFT,OVER $500,CONSTRUCTION SITE,FALSE,FALSE,1113,28,6,1146398,1901707,2013,11/28/2013 09:33:30 AM,41.886263614,-87.737850705,"(41.886263614, -87.737850705)"
HW538183,9406643,11/17/2013 05:00:00 AM,057XX S PRINCETON AVE,820,THEFT,$500 AND UNDER,RESIDENCE,FALSE,FALSE,711,20,6,1175318,1866500,2013,11/28/2013 06:12:58 AM,41.789052974,-87.632704733,"(41.789052974, -87.632704733)"
HW549957,9406676,11/22/2013 08:00:00 AM,056XX N NEVA AVE,840,THEFT,FINANCIAL ID THEFT: OVER $300,RESIDENCE,FALSE,FALSE,1612,41,6,1127846,1937336,2013,11/28/2013 11:04:30 AM,41.984367022,-87.805173223,"(41.984367022, -87.805173223)"
HW549974,9406755,11/26/2013 10:30:00 PM,092XX S HALSTED ST,880,THEFT,PURSE-SNATCHING,RESIDENCE-GARAGE,FALSE,FALSE,2223,21,6,1172569,1843292,2013,11/28/2013 05:06:53 AM,41.725428349,-87.643466736,"(41.725428349, -87.643466736)"
HW550008,9406799,01/01/2013 09:00:00 AM,041XX W WASHINGTON BLVD,840,THEFT,FINANCIAL ID THEFT: OVER $300,RESIDENCE,FALSE,FALSE,1115,28,6,1148632,1900128,2013,11/28/2013 11:11:14 AM,41.881887829,-87.729687645,"(41.881887829, -87.729687645)"
HW549946,9406902,11/20/2013 06:00:00 AM,039XX N NEENAH AVE,890,THEFT,FROM BUILDING,COMMERCIAL / BUSINESS OFFICE,FALSE,FALSE,1632,38,6,1131857,1925477,2013,11/28/2013 10:18:30 AM,41.951755918,-87.790697248,"(41.951755918, -87.790697248)"
HW550028,9406919,11/26/2013 07:00:00 PM,022XX W HURON ST,820,THEFT,$500 AND UNDER,STREET,FALSE,FALSE,1221,1,6,1161033,1904584,2013,11/28/2013 06:14:44 AM,41.893867089,-87.684027447,"(41.893867089, -87.684027447)"
HW550058,9406922,11/27/2013 01:00:00 AM,113XX S ST LAWRENCE AVE,810,THEFT,OVER $500,STREET,FALSE,FALSE,531,9,6,1182311,1830075,2013,11/28/2013 06:19:14 AM,41.68893942,-87.608189366,"(41.68893942, -87.608189366)"
HW549703,9406925,11/26/2013 02:45:00 PM,081XX S BURNHAM AVE,820,THEFT,$500 AND UNDER,RESIDENCE PORCH/HALLWAY,FALSE,FALSE,422,7,6,1196291,1851426,2013,11/28/2013 05:13:19 AM,41.747194176,-87.556304498,"(41.747194176, -87.556304498)"
HW549842,9406929,11/26/2013 11:00:00 PM,043XX W HADDON AVE,820,THEFT,$500 AND UNDER,STREET,FALSE,FALSE,1111,37,6,1147155,1907348,2013,11/28/2013 09:05:05 AM,41.901728686,-87.734926319,"(41.901728686, -87.734926319)"
HW549828,9406953,11/26/2013 08:00:00 PM,012XX W FULLERTON AVE,810,THEFT,OVER $500,APARTMENT,FALSE,FALSE,1811,32,6,1167528,1916038,2013,11/28/2013 07:10:45 AM,41.92516022,-87.659843234,"(41.92516022, -87.659843234)"
HW550047,9406955,11/26/2013 10:00:00 PM,018XX S KILDARE AVE,820,THEFT,$500 AND UNDER,STREET,FALSE,FALSE,1012,24,6,1147877,1890770,2013,11/28/2013 07:30:31 AM,41.856222894,-87.732700452,"(41.856222894, -87.732700452)"
HW549994,9406959,09/27/2013 12:01:00 AM,055XX S SHORE DR,810,THEFT,OVER $500,RESIDENCE,FALSE,FALSE,235,5,6,1189522,1868372,2013,11/28/2013 07:26:49 AM,41.793860438,-87.580564068,"(41.793860438, -87.580564068)"
HW549586,9406208,11/18/2013 09:00:00 AM,076XX S HERMITAGE AVE,840,THEFT,FINANCIAL ID THEFT: OVER $300,RESIDENCE,FALSE,FALSE,611,17,6,1166047,1854012,2013,11/28/2013 11:03:14 AM,41.754986551,-87.667053089,"(41.754986551, -87.667053089)"
HW549681,9406327,11/26/2013 10:00:00 PM,010XX W GLENLAKE AVE,820,THEFT,$500 AND UNDER,STREET,FALSE,FALSE,2433,48,6,1167856,1940476,2013,11/28/2013 09:38:50 AM,41.992211927,-87.657930264,"(41.992211927, -87.657930264)"
HW549673,9406427,11/26/2013 02:50:00 PM,066XX S HONORE ST,890,THEFT,FROM BUILDING,RESIDENCE,FALSE,FALSE,726,15,6,1165115,1860716,2013,11/28/2013 05:52:38 AM,41.773403004,-87.670279237,"(41.773403004, -87.670279237)"
HW549792,9406434,11/26/2013 12:00:00 PM,132XX S ST LAWRENCE AVE,820,THEFT,$500 AND UNDER,RESIDENCE,FALSE,FALSE,533,9,6,1182632,1817364,2013,11/28/2013 06:23:48 AM,41.654051172,-87.607406215,"(41.654051172, -87.607406215)"
HW549973,9407656,11/26/2013 12:00:00 PM,046XX S ELLIS AVE,890,THEFT,FROM BUILDING,APARTMENT,FALSE,FALSE,222,4,6,1183661,1874430,2013,11/28/2013 09:47:40 AM,41.81062289,-87.601866649,"(41.81062289, -87.601866649)"
HW549043,9407670,11/26/2013 04:30:00 PM,011XX W ARMITAGE AVE,890,THEFT,FROM BUILDING,COMMERCIAL / BUSINESS OFFICE,FALSE,FALSE,1811,32,6,1168502,1913419,2013,11/28/2013 09:48:34 AM,41.917952494,-87.656340298,"(41.917952494, -87.656340298)"
HW550176,9407026,11/25/2013 12:18:00 PM,064XX S STATE ST,890,THEFT,FROM BUILDING,"SCHOOL, PUBLIC, BUILDING",FALSE,FALSE,312,20,6,1177348,1862222,2013,11/28/2013 06:50:12 AM,41.777268068,-87.625390604,"(41.777268068, -87.625390604)"
HW550179,9407027,06/03/2013 10:00:00 AM,107XX S STATE ST,840,THEFT,FINANCIAL ID THEFT: OVER $300,RESIDENCE,FALSE,FALSE,513,9,6,1178196,1833739,2013,11/28/2013 11:10:39 AM,41.699088032,-87.623143544,"(41.699088032, -87.623143544)"
HW550231,9407069,11/26/2013 08:00:00 PM,018XX N KEELER AVE,810,THEFT,OVER $500,STREET,FALSE,FALSE,2534,30,6,1148055,1911982,2013,11/28/2013 08:41:17 AM,41.914427574,-87.731501054,"(41.914427574, -87.731501054)"
HW550259,9407071,11/23/2013 10:00:00 AM,029XX S DR MARTIN LUTHER KING JR DR,820,THEFT,$500 AND UNDER,RESIDENCE,FALSE,FALSE,133,4,6,1179439,1885339,2013,11/28/2013 07:28:33 AM,41.840655594,-87.61701873,"(41.840655594, -87.61701873)"
HW550254,9407090,11/23/2013 07:00:00 PM,111XX S PRINCETON AVE,820,THEFT,$500 AND UNDER,APARTMENT,FALSE,FALSE,522,34,6,1176230,1830856,2013,11/28/2013 05:21:17 AM,41.691220915,-87.630428247,"(41.691220915, -87.630428247)"
HW549897,9407096,11/26/2013 08:00:00 PM,116XX S AVENUE G,820,THEFT,$500 AND UNDER,RESIDENTIAL YARD (FRONT/BACK),FALSE,FALSE,433,10,6,1203196,1828512,2013,11/28/2013 05:51:03 AM,41.684142538,-87.531784986,"(41.684142538, -87.531784986)"
HW550112,9407105,11/22/2013 06:22:00 PM,112XX S ELLIS AVE,820,THEFT,$500 AND UNDER,STREET,FALSE,FALSE,531,9,6,1183171,1830777,2013,11/28/2013 05:32:46 AM,41.690845894,-87.605019237,"(41.690845894, -87.605019237)"
HW550337,9407138,11/26/2013 06:00:00 PM,024XX N GENEVA TER,890,THEFT,FROM BUILDING,RESIDENCE PORCH/HALLWAY,FALSE,FALSE,1935,43,6,1171779,1916886,2013,11/28/2013 10:40:33 AM,41.927394487,-87.644198157,"(41.927394487, -87.644198157)"
HW550416,9407164,09/27/2013 10:00:00 AM,056XX W 64TH PL,820,THEFT,$500 AND UNDER,STREET,FALSE,FALSE,812,13,6,1140127,1861277,2013,11/28/2013 06:52:24 AM,41.775434637,-87.76186725,"(41.775434637, -87.76186725)"
HW550297,9407181,10/13/2013 01:00:00 PM,095XX S YALE AVE,820,THEFT,$500 AND UNDER,RESIDENCE,FALSE,FALSE,511,21,6,1176251,1841729,2013,11/28/2013 05:09:15 AM,41.721057503,-87.630026257,"(41.721057503, -87.630026257)"
HW550265,9407187,11/26/2013 10:30:00 PM,005XX W GRENSHAW ST,810,THEFT,OVER $500,STREET,FALSE,FALSE,124,2,6,1172850,1895360,2013,11/28/2013 06:21:16 AM,41.868302243,-87.640901104,"(41.868302243, -87.640901104)"
HW550439,9407207,09/14/2013 12:00:00 AM,003XX W ILLINOIS ST,810,THEFT,OVER $500,APARTMENT,FALSE,FALSE,1831,42,6,1173988,1903590,2013,11/28/2013 06:25:33 AM,41.890860614,-87.636477986,"(41.890860614, -87.636477986)"
HW550492,9407209,11/26/2013 11:00:00 PM,014XX N MAPLEWOOD AVE,810,THEFT,OVER $500,STREET,FALSE,FALSE,1423,26,6,1159183,1909509,2013,11/28/2013 07:45:22 AM,41.907419915,-87.690686396,"(41.907419915, -87.690686396)"
HW550501,9407234,11/12/2013 10:00:00 AM,077XX S KINGSTON AVE,890,THEFT,FROM BUILDING,ABANDONED BUILDING,FALSE,FALSE,421,7,6,1194499,1853917,2013,11/28/2013 05:58:39 AM,41.754073896,-87.562789002,"(41.754073896, -87.562789002)"
HW550378,9407238,11/15/2013 03:19:00 PM,001XX N STATE ST,860,THEFT,RETAIL THEFT,DEPARTMENT STORE,TRUE,FALSE,111,42,6,1176392,1900920,2013,11/28/2013 06:16:56 AM,41.883480076,-87.627730028,"(41.883480076, -87.627730028)"
HW550130,9407256,11/21/2013 01:30:00 PM,025XX W 45TH ST,820,THEFT,$500 AND UNDER,APARTMENT,FALSE,FALSE,922,12,6,1159837,1874780,2013,11/28/2013 07:05:52 AM,41.81210654,-87.689241016,"(41.81210654, -87.689241016)"
HW550382,9407266,11/23/2013 11:00:00 AM,007XX W GRAND AVE,820,THEFT,$500 AND UNDER,STREET,FALSE,FALSE,1214,27,6,1171118,1903727,2013,11/28/2013 06:23:29 AM,41.891300027,-87.647013945,"(41.891300027, -87.647013945)"
HW550567,9407279,11/26/2013 09:00:00 PM,017XX S PAULINA ST,820,THEFT,$500 AND UNDER,STREET,FALSE,FALSE,1234,25,6,1165355,1891675,2013,11/28/2013 06:36:01 AM,41.858352879,-87.668521429,"(41.858352879, -87.668521429)"
HW550528,9407354,03/05/2013 09:00:00 AM,012XX W CORNELIA AVE,820,THEFT,$500 AND UNDER,RESIDENCE,FALSE,FALSE,1924,44,6,1167220,1923333,2013,11/28/2013 11:11:58 AM,41.945184697,-87.660764675,"(41.945184697, -87.660764675)"
HW544778,9407416,11/22/2013 09:30:00 PM,027XX N HALSTED ST,820,THEFT,$500 AND UNDER,VEHICLE NON-COMMERCIAL,FALSE,FALSE,1935,43,6,1170427,1918408,2013,11/28/2013 10:20:32 AM,41.931600635,-87.649121539,"(41.931600635, -87.649121539)"
HW549505,9407461,11/26/2013 08:00:00 PM,013XX N CLARK ST,820,THEFT,$500 AND UNDER,STREET,FALSE,FALSE,1824,42,6,1175334,1909114,2013,11/28/2013 06:19:40 AM,41.905988648,-87.631368867,"(41.905988648, -87.631368867)"
HW550424,9407463,11/14/2013 12:00:00 PM,049XX W SCHOOL ST,841,THEFT,FINANCIAL ID THEFT:$300 &UNDER,RESIDENCE,FALSE,FALSE,1634,38,6,1142556,1921519,2013,11/28/2013 11:15:23 AM,41.940702178,-87.751466014,"(41.940702178, -87.751466014)"
HW550918,9407598,11/27/2013 05:00:00 AM,015XX S RIDGEWAY AVE,820,THEFT,$500 AND UNDER,STREET,FALSE,FALSE,1014,24,6,1151671,1892054,2013,11/28/2013 07:31:38 AM,41.859672669,-87.718740677,"(41.859672669, -87.718740677)"
HW465174,9321579,09/22/2013 08:00:00 PM,023XX S MICHIGAN AVE,890,THEFT,FROM BUILDING,RESIDENCE,FALSE,FALSE,131,2,6,1177532,1889067,2013,11/28/2013 06:53:00 AM,41.850928923,-87.623903608,"(41.850928923, -87.623903608)"
HW448676,9304292,09/11/2013 12:54:00 PM,001XX S RIVERSIDE PLZ,810,THEFT,OVER $500,OTHER,TRUE,FALSE,121,2,6,1173387,1899601,2013,11/28/2013 06:52:58 AM,41.879927926,-87.638803701,"(41.879927926, -87.638803701)"
HW388400,9243125,07/31/2013 02:00:00 PM,003XX W ADAMS ST,890,THEFT,FROM BUILDING,COMMERCIAL / BUSINESS OFFICE,TRUE,FALSE,122,2,6,1174320,1899444,2013,11/28/2013 06:52:55 AM,41.879476339,-87.635382566,"(41.879476339, -87.635382566)"
HW376981,9231023,07/24/2013 12:00:00 PM,005XX W ADAMS ST,890,THEFT,FROM BUILDING,COLLEGE/UNIVERSITY GROUNDS,TRUE,FALSE,121,2,6,1172466,1899315,2013,11/28/2013 06:52:51 AM,41.879163526,-87.642193922,"(41.879163526, -87.642193922)"
HW467843,9324557,09/16/2013 04:30:00 PM,014XX S MUSEUM CAMPUS DR,890,THEFT,FROM BUILDING,OTHER,FALSE,FALSE,132,2,6,1179970,1893680,2013,11/28/2013 06:53:03 AM,41.863531656,-87.614814071,"(41.863531656, -87.614814071)"
HW501813,9358288,10/19/2013 01:30:00 PM,046XX W MONROE ST,810,THEFT,OVER $500,APARTMENT,FALSE,TRUE,1113,28,6,1145201,1899195,2013,11/27/2013 10:04:38 AM,41.879393098,-87.742309946,"(41.879393098, -87.742309946)"
HW500636,9356835,10/20/2013 12:00:00 PM,026XX W FARRAGUT AVE,810,THEFT,OVER $500,APARTMENT,FALSE,FALSE,2011,40,6,1157758,1934727,2013,11/27/2013 01:55:30 PM,41.976648942,-87.695231474,"(41.976648942, -87.695231474)"
HW496847,9353458,10/16/2013 01:00:00 PM,049XX N BROADWAY,810,THEFT,OVER $500,SMALL RETAIL STORE,FALSE,FALSE,2033,48,6,1167457,1933179,2013,11/27/2013 01:55:35 PM,41.97219739,-87.659609027,"(41.97219739, -87.659609027)"
HW489966,9346511,10/12/2013 10:00:00 AM,059XX W DAKIN ST,880,THEFT,PURSE-SNATCHING,STREET,FALSE,FALSE,1633,38,6,1135922,1925596,2013,11/27/2013 03:53:54 PM,41.952010867,-87.775751234,"(41.952010867, -87.775751234)"
HW490269,9347040,10/12/2013 12:46:00 PM,052XX S COTTAGE GROVE AVE,890,THEFT,FROM BUILDING,GOVERNMENT BUILDING/PROPERTY,TRUE,FALSE,233,4,6,1182431,1870640,2013,11/27/2013 03:01:33 PM,41.800251466,-87.606495665,"(41.800251466, -87.606495665)"
HW488544,9345234,10/11/2013 09:20:00 AM,063XX W HENDERSON ST,880,THEFT,PURSE-SNATCHING,STREET,FALSE,FALSE,1633,36,6,1133737,1921646,2013,11/27/2013 03:53:02 PM,41.94121037,-87.783876533,"(41.94121037, -87.783876533)"
HW489301,9345931,10/11/2013 05:15:00 PM,040XX N NARRAGANSETT AVE,880,THEFT,PURSE-SNATCHING,SIDEWALK,FALSE,FALSE,1632,38,6,1132939,1925939,2013,11/27/2013 03:53:15 PM,41.953004827,-87.786708918,"(41.953004827, -87.786708918)"
HW527896,9384639,11/09/2013 07:30:00 PM,012XX N CLARK ST,820,THEFT,$500 AND UNDER,STREET,FALSE,FALSE,1821,42,6,1175275,1908509,2013,11/27/2013 12:22:27 PM,41.904329824,-87.631603773,"(41.904329824, -87.631603773)"
HW527356,9384130,11/08/2013 03:30:00 PM,006XX W 60TH ST,810,THEFT,OVER $500,RESIDENCE,FALSE,FALSE,711,20,6,1172701,1864826,2013,05/31/2015 12:48:20 PM,41.784517455,-87.642349681,"(41.784517455, -87.642349681)"
HW525352,9382569,11/08/2013 03:00:00 AM,014XX N MASSASOIT AVE,820,THEFT,$500 AND UNDER,STREET,FALSE,FALSE,2531,29,6,1137791,1908857,2013,11/27/2013 10:35:27 AM,41.906043653,-87.769285461,"(41.906043653, -87.769285461)"
HW524835,9381849,11/06/2013 11:45:00 PM,051XX S KEDZIE AVE,895,THEFT,FROM COIN-OP MACHINE/DEVICE,COIN OPERATED MACHINE,FALSE,FALSE,822,14,6,1155872,1870460,2013,11/27/2013 09:10:45 PM,41.800332504,-87.703900711,"(41.800332504, -87.703900711)"
HW524478,9381525,10/03/2013 07:15:00 PM,019XX W HARRISON ST,810,THEFT,OVER $500,SIDEWALK,FALSE,FALSE,1231,2,6,1163792,1897354,2013,11/27/2013 09:10:26 PM,41.873969635,-87.674098544,"(41.873969635, -87.674098544)"
HW523362,9380249,11/06/2013 02:00:00 PM,005XX N LAKE SHORE DR NB,860,THEFT,RETAIL THEFT,SIDEWALK,FALSE,FALSE,1834,42,6,1180175,1903795,2013,11/27/2013 09:10:12 PM,41.891283014,-87.61375023,"(41.891283014, -87.61375023)"
HW538026,9394380,11/18/2013 01:30:00 AM,003XX W ERIE ST,810,THEFT,OVER $500,OTHER,FALSE,FALSE,1831,42,6,1173751,1904673,2013,11/27/2013 12:22:41 PM,41.893837706,-87.637316096,"(41.893837706, -87.637316096)"
HW537128,9393302,11/16/2013 02:10:00 PM,106XX S LANGLEY AVE,890,THEFT,FROM BUILDING,RESIDENCE,FALSE,FALSE,512,9,6,1182759,1834510,2013,11/27/2013 03:43:27 PM,41.701099291,-87.606412243,"(41.701099291, -87.606412243)"
HW536216,9392689,11/16/2013 06:40:00 PM,074XX S SOUTH SHORE DR,820,THEFT,$500 AND UNDER,APARTMENT,FALSE,TRUE,334,7,6,1195844,1856455,2013,05/15/2014 12:36:49 PM,41.761005191,-87.557776279,"(41.761005191, -87.557776279)"
HW535968,9392593,11/16/2013 02:45:00 PM,031XX S ROBINSON ST,820,THEFT,$500 AND UNDER,SIDEWALK,FALSE,FALSE,912,11,6,1165959,1883672,2013,11/27/2013 05:26:40 PM,41.836379029,-87.666532463,"(41.836379029, -87.666532463)"
HW535115,9391915,11/15/2013 07:00:00 AM,053XX S DAMEN AVE,820,THEFT,$500 AND UNDER,RESIDENCE,FALSE,FALSE,932,16,6,1163978,1868947,2013,11/27/2013 04:55:46 PM,41.796013915,-87.674215934,"(41.796013915, -87.674215934)"
HW532817,9389462,11/14/2013 01:56:00 AM,052XX S DAMEN AVE,810,THEFT,OVER $500,RESIDENTIAL YARD (FRONT/BACK),FALSE,FALSE,932,16,6,1163872,1869857,2013,11/27/2013 12:22:35 PM,41.798513297,-87.67457907,"(41.798513297, -87.67457907)"
HW530572,9389101,11/12/2013 01:20:00 PM,008XX W NORTH AVE,860,THEFT,RETAIL THEFT,SMALL RETAIL STORE,FALSE,FALSE,1813,43,6,1170437,1910906,2013,11/27/2013 12:22:33 PM,41.911014553,-87.649304694,"(41.911014553, -87.649304694)"
HW531842,9388807,11/13/2013 01:00:00 PM,016XX N TROY ST,820,THEFT,$500 AND UNDER,LIBRARY,FALSE,FALSE,1421,26,6,1155137,1910569,2013,11/27/2013 05:41:03 PM,41.910410865,-87.705520712,"(41.910410865, -87.705520712)"
HW531512,9388231,11/10/2013 04:00:00 PM,045XX S HERMITAGE AVE,890,THEFT,FROM BUILDING,RESIDENCE,FALSE,FALSE,924,20,6,1165485,1874392,2013,11/27/2013 12:22:30 PM,41.810923794,-87.668535224,"(41.810923794, -87.668535224)"
HW540807,9398399,11/18/2013 05:00:00 PM,076XX S CONSTANCE AVE,810,THEFT,OVER $500,"SCHOOL, PUBLIC, GROUNDS",FALSE,FALSE,414,8,6,1189904,1854627,2013,11/27/2013 03:30:45 PM,41.756133896,-87.579605063,"(41.756133896, -87.579605063)"
HW541630,9398433,11/20/2013 07:00:00 PM,023XX N MONITOR AVE,820,THEFT,$500 AND UNDER,STREET,FALSE,FALSE,2515,37,6,1137048,1914831,2013,11/27/2013 10:51:47 AM,41.922450385,-87.771871158,"(41.922450385, -87.771871158)"
HW541143,9398052,11/08/2013 12:00:00 AM,002XX W 79TH ST,810,THEFT,OVER $500,CTA GARAGE / OTHER PROPERTY,FALSE,FALSE,623,17,6,1176176,1852628,2013,11/27/2013 06:54:35 PM,41.750967433,-87.629974714,"(41.750967433, -87.629974714)"
HW505719,9397078,10/23/2013 03:00:00 AM,110XX S VERNON AVE,810,THEFT,OVER $500,RESIDENCE,FALSE,TRUE,513,9,6,1181243,1831882,2013,05/15/2014 12:36:49 PM,41.693922682,-87.612043851,"(41.693922682, -87.612043851)"
HW539819,9397154,11/19/2013 12:35:00 PM,021XX E 87TH ST,810,THEFT,OVER $500,"SCHOOL, PUBLIC, BUILDING",FALSE,FALSE,412,8,6,1191717,1847744,2013,11/27/2013 03:31:52 PM,41.737202561,-87.573183761,"(41.737202561, -87.573183761)"
HW539318,9395923,11/19/2013 10:00:00 AM,001XX W 35TH ST,820,THEFT,$500 AND UNDER,CTA PLATFORM,FALSE,FALSE,915,11,6,1175731,1881812,2013,11/27/2013 12:23:27 PM,41.831061278,-87.630731407,"(41.831061278, -87.630731407)"
HW538194,9395766,10/30/2013 12:00:00 PM,044XX W MAYPOLE AVE,810,THEFT,OVER $500,APARTMENT,FALSE,TRUE,1113,28,6,1146982,1901052,2013,11/27/2013 10:15:01 AM,41.884455079,-87.735722849,"(41.884455079, -87.735722849)"
HW538909,9395137,11/18/2013 02:00:00 PM,005XX W 45TH ST,810,THEFT,OVER $500,RESIDENCE,FALSE,FALSE,925,11,6,1173460,1875120,2013,11/27/2013 09:20:19 PM,41.812748482,-87.639262146,"(41.812748482, -87.639262146)"
HW545127,9402096,11/17/2013 01:00:00 AM,0000X W HUBBARD ST,890,THEFT,FROM BUILDING,BAR OR TAVERN,FALSE,FALSE,1831,42,6,1176111,1903273,2013,11/27/2013 10:17:37 AM,41.889943172,-87.628690919,"(41.889943172, -87.628690919)"
HW544591,9401728,11/22/2013 08:30:00 PM,002XX W GARFIELD BLVD,820,THEFT,$500 AND UNDER,CTA TRAIN,FALSE,FALSE,935,3,6,1175653,1868540,2013,11/27/2013 12:23:58 PM,41.794643444,-87.631415337,"(41.794643444, -87.631415337)"
HW541685,9401491,11/15/2013 11:22:00 AM,018XX S MICHIGAN AVE,820,THEFT,$500 AND UNDER,APARTMENT,FALSE,FALSE,132,2,6,1177544,1891554,2013,11/27/2013 12:21:59 PM,41.857753146,-87.623784139,"(41.857753146, -87.623784139)"
HW543951,9401337,11/22/2013 10:45:00 AM,071XX S STATE ST,880,THEFT,PURSE-SNATCHING,CTA BUS STOP,FALSE,FALSE,323,6,6,1177477,1857875,2013,11/27/2013 12:23:56 PM,41.765336516,-87.625048934,"(41.765336516, -87.625048934)"
HW540514,9401116,11/19/2013 05:15:00 AM,0000X E MADISON ST,860,THEFT,RETAIL THEFT,CONVENIENCE STORE,TRUE,FALSE,112,42,6,1176658,1900370,2013,11/27/2013 07:53:56 AM,41.88196484,-87.626769895,"(41.88196484, -87.626769895)"
HW543843,9401213,11/22/2013 01:00:00 PM,046XX W NORTH AVE,860,THEFT,RETAIL THEFT,SMALL RETAIL STORE,TRUE,FALSE,2533,37,6,1144852,1910261,2013,11/27/2013 07:00:39 AM,41.909766043,-87.743312011,"(41.909766043, -87.743312011)"
HW539361,9400840,11/19/2013 10:15:00 AM,004XX W 33RD ST,820,THEFT,$500 AND UNDER,CTA PLATFORM,FALSE,FALSE,915,11,6,1173961,1883018,2013,11/27/2013 12:23:34 PM,41.834410186,-87.637189751,"(41.834410186, -87.637189751)"
HW543208,9400211,11/20/2013 10:00:00 PM,081XX S CHAPPEL AVE,820,THEFT,$500 AND UNDER,STREET,FALSE,FALSE,414,8,6,1191233,1851438,2013,11/27/2013 03:34:22 PM,41.74735095,-87.574837677,"(41.74735095, -87.574837677)"
HW542223,9399194,11/21/2013 08:00:00 AM,016XX N CICERO AVE,820,THEFT,$500 AND UNDER,STREET,FALSE,FALSE,2533,37,6,1144185,1910683,2013,11/27/2013 10:45:13 AM,41.91093662,-87.745751698,"(41.91093662, -87.745751698)"
HW546504,9403099,11/20/2013 08:30:00 AM,053XX N HARLEM AVE,820,THEFT,$500 AND UNDER,COLLEGE/UNIVERSITY GROUNDS,FALSE,FALSE,1613,41,6,1127404,1934940,2013,11/27/2013 09:07:47 AM,41.977799623,-87.80685304,"(41.977799623, -87.80685304)"
HW546416,9403046,11/24/2013 03:13:00 PM,022XX W NORTH AVE,810,THEFT,OVER $500,STREET,FALSE,FALSE,1434,1,6,1161268,1910645,2013,11/27/2013 12:10:15 PM,41.910494063,-87.682995618,"(41.910494063, -87.682995618)"
HW544693,9402627,11/22/2013 10:00:00 AM,016XX S MILLARD AVE,820,THEFT,$500 AND UNDER,STREET,FALSE,FALSE,1014,24,6,1152270,1891533,2013,11/27/2013 07:54:22 AM,41.858231197,-87.716555644,"(41.858231197, -87.716555644)"
HW544844,9402632,11/23/2013 05:04:00 AM,054XX S KEDZIE AVE,820,THEFT,$500 AND UNDER,PARKING LOT/GARAGE(NON.RESID.),FALSE,TRUE,923,14,6,1156017,1868210,2013,11/27/2013 10:57:35 AM,41.794155275,-87.703429412,"(41.794155275, -87.703429412)"
HW545376,9402388,11/23/2013 03:30:00 AM,004XX W ONTARIO ST,890,THEFT,FROM BUILDING,RESIDENCE,FALSE,FALSE,1831,42,6,1173245,1904368,2013,11/27/2013 07:54:10 AM,41.893012017,-87.639183512,"(41.893012017, -87.639183512)"
HW545363,9402295,11/23/2013 02:29:00 PM,065XX W DIVERSEY AVE,860,THEFT,RETAIL THEFT,SMALL RETAIL STORE,TRUE,FALSE,2512,36,6,1132343,1917856,2013,11/27/2013 07:03:37 AM,41.930834579,-87.789088549,"(41.930834579, -87.789088549)"
HW548345,9404815,11/25/2013 04:30:00 PM,0000X W 95TH ST,870,THEFT,POCKET-PICKING,CTA PLATFORM,FALSE,FALSE,634,21,6,1177744,1841988,2013,11/27/2013 07:37:09 AM,41.721734632,-87.624549931,"(41.721734632, -87.624549931)"
HW547993,9404610,11/25/2013 07:28:00 PM,0000X E 35TH ST,810,THEFT,OVER $500,CTA BUS STOP,FALSE,FALSE,213,3,6,1176943,1881769,2013,11/27/2013 09:20:38 PM,41.830915995,-87.626285836,"(41.830915995, -87.626285836)"
HW548066,9404523,11/25/2013 09:00:00 AM,067XX S EVANS AVE,890,THEFT,FROM BUILDING,APARTMENT,FALSE,TRUE,321,20,6,1182417,1860467,2013,11/27/2013 11:55:00 AM,41.772336166,-87.606862227,"(41.772336166, -87.606862227)"
HW547975,9404532,11/19/2013 12:00:00 AM,010XX W BELMONT AVE,860,THEFT,RETAIL THEFT,CONVENIENCE STORE,FALSE,FALSE,1933,44,6,1169016,1921385,2013,11/27/2013 06:29:01 AM,41.939800442,-87.654220036,"(41.939800442, -87.654220036)"
HW547581,9404295,10/05/2013 12:00:00 PM,064XX S DR MARTIN LUTHER KING JR DR,843,THEFT,ATTEMPT FINANCIAL IDENTITY THEFT,APARTMENT,FALSE,FALSE,312,20,6,1179991,1862269,2013,11/27/2013 12:51:47 PM,41.777336925,-87.615700034,"(41.777336925, -87.615700034)"
HW547546,9404313,11/25/2013 03:00:00 PM,0000X E 95TH ST,810,THEFT,OVER $500,RESTAURANT,FALSE,FALSE,511,6,6,1178271,1841957,2013,11/27/2013 03:47:16 PM,41.721637641,-87.62262057,"(41.721637641, -87.62262057)"
HW547193,9403849,06/01/2013 04:00:00 PM,073XX W PRATT AVE,890,THEFT,FROM BUILDING,"SCHOOL, PUBLIC, GROUNDS",FALSE,FALSE,1611,41,6,1126177,1944639,2013,11/27/2013 09:06:38 AM,42.004435239,-87.811147931,"(42.004435239, -87.811147931)"
HW547224,9403977,11/25/2013 11:20:00 AM,005XX N STATE ST,870,THEFT,POCKET-PICKING,CTA TRAIN,FALSE,FALSE,1834,42,6,1176316,1903876,2013,11/27/2013 12:24:03 PM,41.891593214,-87.627919871,"(41.891593214, -87.627919871)"
HW547350,9404048,03/01/2013 12:01:00 AM,070XX S CREGIER AVE,840,THEFT,FINANCIAL ID THEFT: OVER $300,RESIDENCE,FALSE,FALSE,332,5,6,1189457,1858729,2013,11/27/2013 12:50:36 PM,41.76740087,-87.581111739,"(41.76740087, -87.581111739)"
HW546948,9403697,11/25/2013 12:01:00 AM,002XX N COLUMBUS DR,810,THEFT,OVER $500,RESIDENCE-GARAGE,FALSE,FALSE,114,42,6,1178261,1901979,2013,11/27/2013 12:22:06 PM,41.886343653,-87.620834719,"(41.886343653, -87.620834719)"
HW547127,9403750,11/04/2013 12:00:00 PM,054XX S STATE ST,843,THEFT,ATTEMPT FINANCIAL IDENTITY THEFT,"SCHOOL, PRIVATE, GROUNDS",FALSE,FALSE,225,3,6,1177157,1869060,2013,11/27/2013 12:52:14 PM,41.796036544,-87.625884541,"(41.796036544, -87.625884541)"
HW548586,9405176,11/25/2013 08:00:00 PM,037XX N SHEFFIELD AVE,820,THEFT,$500 AND UNDER,STREET,FALSE,FALSE,1923,44,6,1168895,1925095,2013,11/27/2013 12:57:31 PM,41.949983466,-87.654556767,"(41.949983466, -87.654556767)"
HW548579,9405212,07/01/2013 09:00:00 AM,059XX S RUTHERFORD AVE,840,THEFT,FINANCIAL ID THEFT: OVER $300,RESIDENCE,FALSE,FALSE,812,23,6,1132468,1864115,2013,11/27/2013 12:57:57 PM,41.783358881,-87.789879176,"(41.783358881, -87.789879176)"
HW548657,9405216,11/26/2013 11:00:00 AM,085XX S COTTAGE GROVE AVE,860,THEFT,RETAIL THEFT,SMALL RETAIL STORE,TRUE,FALSE,632,6,6,1183016,1848397,2013,11/27/2013 05:53:46 AM,41.739200936,-87.605041045,"(41.739200936, -87.605041045)"
HW548663,9405222,11/21/2013 12:28:00 PM,089XX S HOUSTON AVE,820,THEFT,$500 AND UNDER,RESIDENCE PORCH/HALLWAY,FALSE,FALSE,424,10,6,1198035,1846234,2013,11/27/2013 06:48:12 AM,41.732903538,-87.550087298,"(41.732903538, -87.550087298)"
HW548569,9405225,10/16/2013 12:00:00 PM,020XX W JACKSON BLVD,840,THEFT,FINANCIAL ID THEFT: OVER $300,RESIDENCE,FALSE,FALSE,1225,2,6,1162877,1898666,2013,11/27/2013 12:53:42 PM,41.877589114,-87.677421178,"(41.877589114, -87.677421178)"
HW548455,9405229,11/25/2013 08:00:00 PM,025XX W MORSE AVE,810,THEFT,OVER $500,VEHICLE NON-COMMERCIAL,FALSE,FALSE,2411,50,6,1158126,1945668,2013,11/27/2013 07:08:46 AM,42.006663965,-87.693577606,"(42.006663965, -87.693577606)"
HW548614,9405262,11/26/2013 10:30:00 AM,016XX N HARLEM AVE,860,THEFT,RETAIL THEFT,DEPARTMENT STORE,TRUE,FALSE,2513,36,6,1127897,1909882,2013,11/27/2013 06:54:26 AM,41.909029167,-87.805607333,"(41.909029167, -87.805607333)"
HW548684,9405266,11/26/2013 04:00:00 AM,017XX W MONTVALE AVE,810,THEFT,OVER $500,STREET,FALSE,FALSE,2234,34,6,1166710,1829752,2013,11/27/2013 06:01:43 AM,41.688399243,-87.665313258,"(41.688399243, -87.665313258)"
HW548424,9404957,09/11/2013 09:00:00 AM,122XX S PEORIA ST,840,THEFT,FINANCIAL ID THEFT: OVER $300,OTHER,FALSE,FALSE,524,34,6,1172502,1823688,2013,11/27/2013 12:56:53 PM,41.67163343,-87.644286662,"(41.67163343, -87.644286662)"
HW548376,9404967,11/08/2013 04:00:00 AM,082XX S ELLIS AVE,890,THEFT,FROM BUILDING,OTHER,FALSE,FALSE,631,8,6,1184285,1850763,2013,11/27/2013 05:47:41 AM,41.745663929,-87.600317867,"(41.745663929, -87.600317867)"
HW548433,9404997,11/26/2013 12:01:00 AM,001XX W 77TH ST,810,THEFT,OVER $500,STREET,FALSE,FALSE,623,6,6,1176879,1853979,2013,11/27/2013 06:30:29 AM,41.754658937,-87.627357968,"(41.754658937, -87.627357968)"
HW548543,9405051,11/26/2013 10:00:00 AM,069XX S ABERDEEN ST,820,THEFT,$500 AND UNDER,CTA BUS STOP,FALSE,FALSE,733,17,6,1170135,1858986,2013,11/27/2013 05:57:03 AM,41.76854799,-87.651927315,"(41.76854799, -87.651927315)"
HW548221,9404716,11/25/2013 07:00:00 PM,001XX S CANAL ST,890,THEFT,FROM BUILDING,APARTMENT,FALSE,FALSE,121,2,6,1173126,1899499,2013,11/27/2013 12:22:09 PM,41.879653824,-87.639765078,"(41.879653824, -87.639765078)"
HW547140,9404763,09/25/2013 06:00:00 PM,007XX S SACRAMENTO BLVD,810,THEFT,OVER $500,"SCHOOL, PRIVATE, BUILDING",FALSE,FALSE,1135,2,6,1156532,1896299,2013,11/27/2013 09:06:39 AM,41.871224525,-87.700782452,"(41.871224525, -87.700782452)"
HW546932,9404765,11/25/2013 12:01:00 AM,089XX S YATES BLVD,820,THEFT,$500 AND UNDER,STREET,FALSE,FALSE,413,7,6,1193682,1846158,2013,11/27/2013 07:17:24 AM,41.732802584,-87.566036513,"(41.732802584, -87.566036513)"
HW548330,9404795,11/25/2013 06:45:00 PM,082XX S PEORIA ST,810,THEFT,OVER $500,STREET,FALSE,FALSE,613,21,6,1171787,1850074,2013,11/27/2013 06:39:16 AM,41.744056253,-87.646132871,"(41.744056253, -87.646132871)"
HW548335,9404799,11/25/2013 06:00:00 PM,115XX S MAPLEWOOD AVE,820,THEFT,$500 AND UNDER,STREET,FALSE,FALSE,2212,19,6,1161507,1827775,2013,11/27/2013 05:52:52 AM,41.683083135,-87.684415735,"(41.683083135, -87.684415735)"
HW548782,9405556,11/26/2013 12:20:00 PM,003XX W KINZIE ST,820,THEFT,$500 AND UNDER,CTA TRAIN,FALSE,FALSE,1831,42,6,1173902,1902872,2013,11/27/2013 07:30:44 AM,41.888892297,-87.636815222,"(41.888892297, -87.636815222)"
HW548812,9405567,11/26/2013 01:15:00 PM,042XX W MADISON ST,860,THEFT,RETAIL THEFT,SMALL RETAIL STORE,TRUE,FALSE,1115,28,6,1147905,1899631,2013,11/27/2013 06:35:59 AM,41.880538006,-87.732369981,"(41.880538006, -87.732369981)"
HW548866,9405587,11/26/2013 11:30:00 AM,040XX W 56TH ST,890,THEFT,FROM BUILDING,"SCHOOL, PUBLIC, BUILDING",FALSE,FALSE,813,13,6,1150266,1867198,2013,11/27/2013 07:39:34 AM,41.791491893,-87.72454459,"(41.791491893, -87.72454459)"
HW548867,9405601,11/26/2013 01:00:00 PM,006XX N MICHIGAN AVE,820,THEFT,$500 AND UNDER,DEPARTMENT STORE,TRUE,FALSE,1834,42,6,1177273,1904734,2013,11/27/2013 07:34:54 AM,41.893925965,-87.624379257,"(41.893925965, -87.624379257)"
HW548901,9405604,11/26/2013 01:25:00 PM,081XX S VINCENNES AVE,820,THEFT,$500 AND UNDER,"SCHOOL, PUBLIC, BUILDING",FALSE,FALSE,622,21,6,1174722,1850745,2013,11/27/2013 06:29:48 AM,41.745832739,-87.635358835,"(41.745832739, -87.635358835)"
HW548769,9405611,11/26/2013 12:23:00 PM,045XX W NORTH AVE,860,THEFT,RETAIL THEFT,APPLIANCE STORE,TRUE,FALSE,2533,37,6,1145935,1910208,2013,11/27/2013 06:46:09 AM,41.909600093,-87.739334828,"(41.909600093, -87.739334828)"
HW548903,9405612,11/26/2013 09:00:00 AM,035XX W IRVING PARK RD,820,THEFT,$500 AND UNDER,PARKING LOT/GARAGE(NON.RESID.),FALSE,FALSE,1732,35,6,1152168,1926324,2013,11/27/2013 09:24:20 AM,41.953702983,-87.716011011,"(41.953702983, -87.716011011)"
HW548840,9405613,11/26/2013 12:03:00 PM,029XX W DIVISION ST,820,THEFT,$500 AND UNDER,SIDEWALK,TRUE,FALSE,1211,26,6,1156269,1907795,2013,11/27/2013 07:43:13 AM,41.902775959,-87.701437231,"(41.902775959, -87.701437231)"
HW548798,9405615,11/26/2013 12:41:00 PM,0000X S STATE ST,860,THEFT,RETAIL THEFT,SMALL RETAIL STORE,TRUE,FALSE,112,42,6,1176438,1900051,2013,11/27/2013 07:55:14 AM,41.881094454,-87.627587356,"(41.881094454, -87.627587356)"
HW548926,9405625,11/26/2013 02:45:00 PM,003XX E 18TH ST,820,THEFT,$500 AND UNDER,RESIDENCE PORCH/HALLWAY,FALSE,FALSE,132,2,6,1178569,1891668,2013,11/27/2013 07:33:51 AM,41.858042664,-87.620018343,"(41.858042664, -87.620018343)"
HW548923,9405626,11/25/2013 04:00:00 PM,016XX N CLARK ST,820,THEFT,$500 AND UNDER,OTHER,FALSE,FALSE,1814,43,6,1175247,1911094,2013,11/27/2013 06:55:09 AM,41.911423812,-87.631628946,"(41.911423812, -87.631628946)"
HW548839,9405634,11/26/2013 12:00:00 PM,087XX S BLACKSTONE AVE,810,THEFT,OVER $500,STREET,FALSE,FALSE,412,8,6,1187601,1847523,2013,11/27/2013 07:58:28 AM,41.736694887,-87.588270365,"(41.736694887, -87.588270365)"
HW546388,9405642,11/24/2013 12:45:00 PM,017XX W 18TH ST,810,THEFT,OVER $500,STREET,FALSE,FALSE,1234,25,6,1165305,1891497,2013,11/27/2013 07:50:45 AM,41.857865493,-87.668710018,"(41.857865493, -87.668710018)"
HW548692,9405278,11/26/2013 09:51:00 AM,003XX E 95TH ST,860,THEFT,RETAIL THEFT,DRUG STORE,TRUE,FALSE,511,6,6,1180431,1842024,2013,11/27/2013 07:56:02 AM,41.721772292,-87.614706883,"(41.721772292, -87.614706883)"
HW548536,9405362,10/29/2013 09:00:00 AM,002XX W 111TH ST,890,THEFT,FROM BUILDING,VACANT LOT/LAND,FALSE,FALSE,513,34,6,1176758,1831374,2013,11/27/2013 07:00:22 AM,41.692630545,-87.628479679,"(41.692630545, -87.628479679)"
HW548764,9405386,11/02/2013 12:01:00 AM,015XX W MARQUETTE RD,842,THEFT,AGG: FINANCIAL ID THEFT,RESIDENCE,FALSE,FALSE,725,17,6,1167045,1860254,2013,11/27/2013 12:56:38 PM,41.772094166,-87.663217485,"(41.772094166, -87.663217485)"
HW548673,9405422,11/25/2013 11:00:00 PM,082XX S INGLESIDE AVE,820,THEFT,$500 AND UNDER,STREET,FALSE,FALSE,631,8,6,1183958,1850555,2013,11/27/2013 07:24:52 AM,41.745100792,-87.601522525,"(41.745100792, -87.601522525)"
HW548706,9405429,11/26/2013 12:00:00 PM,034XX N WESTERN AVE,860,THEFT,RETAIL THEFT,DEPARTMENT STORE,TRUE,FALSE,1921,47,6,1159733,1922581,2013,11/27/2013 06:39:28 AM,41.943279072,-87.688304777,"(41.943279072, -87.688304777)"
HW548714,9405442,11/26/2013 11:30:00 AM,078XX S YATES BLVD,820,THEFT,$500 AND UNDER,RESIDENCE,TRUE,FALSE,414,7,6,1193514,1853612,2013,11/27/2013 07:52:30 AM,41.753261103,-87.566408593,"(41.753261103, -87.566408593)"
HW548724,9405490,11/26/2013 02:00:00 AM,035XX W ROOSEVELT RD,890,THEFT,FROM BUILDING,RESIDENCE,FALSE,FALSE,1021,24,6,1152882,1894439,2013,11/27/2013 07:51:19 AM,41.866193506,-87.714232284,"(41.866193506, -87.714232284)"
HW548814,9405491,11/21/2013 08:00:00 PM,035XX W LELAND AVE,810,THEFT,OVER $500,RESIDENCE PORCH/HALLWAY,FALSE,FALSE,1723,33,6,1152027,1931044,2013,11/27/2013 12:26:27 PM,41.96665777,-87.716404423,"(41.96665777, -87.716404423)"
HW548823,9405498,11/23/2013 10:00:00 PM,021XX S CANALPORT AVE,890,THEFT,FROM BUILDING,OTHER,FALSE,FALSE,1235,25,6,1170415,1889863,2013,11/27/2013 07:40:03 AM,41.853271588,-87.650001044,"(41.853271588, -87.650001044)"
HW548852,9405501,11/21/2013 12:00:00 AM,082XX S DORCHESTER AVE,890,THEFT,FROM BUILDING,RESIDENCE,FALSE,FALSE,411,8,6,1187012,1850629,2013,11/27/2013 06:02:36 AM,41.745232038,-87.590329994,"(41.745232038, -87.590329994)"
HW548939,9405646,11/26/2013 01:30:00 PM,024XX W FULLERTON AVE,810,THEFT,OVER $500,VEHICLE NON-COMMERCIAL,FALSE,FALSE,1431,1,6,1159577,1915917,2013,11/27/2013 08:50:40 AM,41.924995836,-87.689062222,"(41.924995836, -87.689062222)"
HW548976,9405647,11/26/2013 03:00:00 PM,010XX W ARMITAGE AVE,890,THEFT,FROM BUILDING,OTHER,FALSE,FALSE,1811,32,6,1169127,1913436,2013,11/27/2013 07:38:59 AM,41.917985582,-87.654043535,"(41.917985582, -87.654043535)"
HW548958,9405652,11/26/2013 02:50:00 PM,045XX W NORTH AVE,860,THEFT,RETAIL THEFT,SMALL RETAIL STORE,TRUE,FALSE,2533,37,6,1145935,1910208,2013,11/27/2013 06:30:58 AM,41.909600093,-87.739334828,"(41.909600093, -87.739334828)"
HW548959,9405658,11/26/2013 03:25:00 PM,047XX S CICERO AVE,860,THEFT,RETAIL THEFT,GAS STATION,FALSE,FALSE,815,23,6,1145207,1872444,2013,11/27/2013 07:47:32 AM,41.805984559,-87.74296311,"(41.805984559, -87.74296311)"
HW548771,9405661,11/01/2013 01:00:00 PM,034XX S RHODES AVE,820,THEFT,$500 AND UNDER,PARKING LOT/GARAGE(NON.RESID.),FALSE,FALSE,211,4,6,1180419,1882314,2013,11/27/2013 07:18:52 AM,41.832332299,-87.613515572,"(41.832332299, -87.613515572)"
HW548943,9405668,11/26/2013 02:40:00 PM,063XX S SEELEY AVE,820,THEFT,$500 AND UNDER,STREET,FALSE,FALSE,726,15,6,1163739,1862788,2013,11/27/2013 07:56:50 AM,41.779117851,-87.675265231,"(41.779117851, -87.675265231)"
HW549024,9405669,11/26/2013 04:00:00 PM,059XX S WINCHESTER AVE,820,THEFT,$500 AND UNDER,STREET,FALSE,FALSE,714,15,6,1164333,1865302,2013,11/27/2013 05:50:45 AM,41.786004099,-87.673016786,"(41.786004099, -87.673016786)"
HW548994,9405673,11/26/2013 02:00:00 PM,0000X W LAKE ST,890,THEFT,FROM BUILDING,RESTAURANT,FALSE,FALSE,111,42,6,1176214,1901786,2013,11/27/2013 07:45:01 AM,41.885860443,-87.628357526,"(41.885860443, -87.628357526)"
HW549009,9405675,11/25/2013 03:45:00 AM,031XX N SHEFFIELD AVE,810,THEFT,OVER $500,STREET,FALSE,FALSE,1933,44,6,1169010,1921314,2013,11/27/2013 10:27:49 AM,41.939605745,-87.654244155,"(41.939605745, -87.654244155)"
HW548970,9405687,11/25/2013 11:00:00 PM,078XX S WOOD ST,820,THEFT,$500 AND UNDER,STREET,FALSE,FALSE,611,17,6,1165668,1852841,2013,11/27/2013 05:58:22 AM,41.751781208,-87.668475185,"(41.751781208, -87.668475185)"
HW548914,9405689,11/26/2013 12:30:00 PM,0000X N STATE ST,860,THEFT,RETAIL THEFT,DEPARTMENT STORE,TRUE,FALSE,112,42,6,1176329,1900431,2013,11/27/2013 08:06:32 AM,41.882139654,-87.627976124,"(41.882139654, -87.627976124)"
HW549057,9405697,11/26/2013 04:15:00 PM,001XX W 87TH ST,820,THEFT,$500 AND UNDER,PARKING LOT/GARAGE(NON.RESID.),FALSE,FALSE,622,21,6,1176858,1847318,2013,11/27/2013 07:43:12 AM,41.736380815,-87.627635121,"(41.736380815, -87.627635121)"
HW549059,9405699,11/08/2013 03:00:00 PM,100XX S AVENUE M,890,THEFT,FROM BUILDING,RESIDENCE PORCH/HALLWAY,FALSE,FALSE,432,10,6,1201443,1839224,2013,11/27/2013 06:57:22 AM,41.713581784,-87.537839835,"(41.713581784, -87.537839835)"
HW549012,9405701,11/24/2013 05:00:00 PM,015XX N ORLEANS ST,820,THEFT,$500 AND UNDER,RESIDENCE-GARAGE,FALSE,FALSE,1821,27,6,1173664,1910711,2013,11/27/2013 07:26:53 AM,41.910408232,-87.637455733,"(41.910408232, -87.637455733)"
HW549030,9405704,11/26/2013 03:00:00 PM,017XX W WASECA PL,820,THEFT,$500 AND UNDER,RESIDENTIAL YARD (FRONT/BACK),FALSE,FALSE,2234,34,6,1166945,1830014,2013,11/27/2013 07:40:12 AM,41.689113212,-87.664445488,"(41.689113212, -87.664445488)"
HW548862,9405705,11/24/2013 12:00:00 PM,009XX W 95TH ST,810,THEFT,OVER $500,PARKING LOT/GARAGE(NON.RESID.),FALSE,FALSE,2223,21,6,1171569,1841780,2013,11/27/2013 07:19:05 AM,41.721301137,-87.647173915,"(41.721301137, -87.647173915)"
HW549056,9405706,11/26/2013 04:00:00 PM,081XX S LANGLEY AVE,820,THEFT,$500 AND UNDER,STREET,FALSE,FALSE,631,6,6,1182349,1851253,2013,11/27/2013 06:47:07 AM,41.74705358,-87.607396516,"(41.74705358, -87.607396516)"
HW549081,9405708,11/26/2013 04:00:00 PM,011XX W ARMITAGE AVE,890,THEFT,FROM BUILDING,SMALL RETAIL STORE,FALSE,FALSE,1811,32,6,1168502,1913419,2013,11/27/2013 07:17:58 AM,41.917952494,-87.656340298,"(41.917952494, -87.656340298)"
HW549082,9405716,11/26/2013 04:45:00 PM,045XX N WHIPPLE ST,820,THEFT,$500 AND UNDER,RESIDENCE-GARAGE,FALSE,FALSE,1724,33,6,1155265,1930140,2013,11/27/2013 12:24:59 PM,41.964112545,-87.704523129,"(41.964112545, -87.704523129)"
HW548983,9405722,11/25/2013 11:00:00 AM,067XX N OXFORD AVE,840,THEFT,FINANCIAL ID THEFT: OVER $300,RESIDENCE,FALSE,FALSE,1611,41,6,1125301,1944148,2013,11/27/2013 12:55:56 PM,42.003102505,-87.814381778,"(42.003102505, -87.814381778)"
HW549101,9405725,11/23/2013 09:00:00 AM,047XX N LAVERGNE AVE,820,THEFT,$500 AND UNDER,STREET,FALSE,FALSE,1623,45,6,1142221,1931029,2013,11/27/2013 09:31:58 AM,41.9668047,-87.752460366,"(41.9668047, -87.752460366)"
HW549103,9405726,11/26/2013 04:50:00 PM,008XX W ARMITAGE AVE,810,THEFT,OVER $500,STREET,FALSE,FALSE,1813,43,6,1170229,1913467,2013,11/27/2013 07:33:28 AM,41.918046624,-87.649993849,"(41.918046624, -87.649993849)"
HW547615,9405730,11/25/2013 06:00:00 AM,114XX S FRONT AVE,810,THEFT,OVER $500,PARKING LOT/GARAGE(NON.RESID.),FALSE,FALSE,531,9,6,1181129,1828950,2013,11/27/2013 07:59:05 AM,41.685879485,-87.612551052,"(41.685879485, -87.612551052)"
HW548555,9405531,11/25/2013 05:40:00 PM,009XX W WILSON AVE,890,THEFT,FROM BUILDING,"SCHOOL, PUBLIC, BUILDING",FALSE,FALSE,1914,46,6,1169371,1930780,2013,11/27/2013 09:14:20 AM,41.965572945,-87.65264106,"(41.965572945, -87.65264106)"
HW548783,9405542,11/26/2013 11:35:00 AM,023XX W GRANVILLE AVE,820,THEFT,$500 AND UNDER,SIDEWALK,FALSE,FALSE,2413,50,6,1159231,1941056,2013,11/27/2013 09:08:12 AM,41.993985747,-87.689639702,"(41.993985747, -87.689639702)"
HW548869,9405554,11/26/2013 01:50:00 PM,093XX S ASHLAND AVE,810,THEFT,OVER $500,SIDEWALK,FALSE,FALSE,2221,21,6,1167267,1842860,2013,11/27/2013 06:46:20 AM,41.724357834,-87.66290051,"(41.724357834, -87.66290051)"
HW549424,9405947,11/26/2013 12:00:00 PM,061XX S ELLIS AVE,820,THEFT,$500 AND UNDER,RESIDENTIAL YARD (FRONT/BACK),FALSE,FALSE,313,20,6,1183907,1864463,2013,11/27/2013 07:50:19 AM,41.783266884,-87.601275687,"(41.783266884, -87.601275687)"
HW549094,9405965,11/26/2013 04:05:00 PM,001XX N STATE ST,860,THEFT,RETAIL THEFT,DEPARTMENT STORE,TRUE,FALSE,111,42,6,1176392,1900920,2013,11/27/2013 07:47:10 AM,41.883480076,-87.627730028,"(41.883480076, -87.627730028)"
HW548944,9405786,11/25/2013 11:30:00 AM,012XX S MILLARD AVE,820,THEFT,$500 AND UNDER,APARTMENT,FALSE,FALSE,1011,24,6,1152279,1894020,2013,11/27/2013 07:26:25 AM,41.865055634,-87.716457016,"(41.865055634, -87.716457016)"
HW548979,9405789,11/26/2013 01:00:00 AM,069XX N RIDGE BLVD,820,THEFT,$500 AND UNDER,STREET,FALSE,FALSE,2411,50,6,1161552,1945672,2013,11/27/2013 09:29:00 AM,42.006603998,-87.680972723,"(42.006603998, -87.680972723)"
HW549166,9405791,11/26/2013 02:45:00 PM,020XX W 17TH ST,820,THEFT,$500 AND UNDER,STREET,FALSE,FALSE,1234,25,6,1163211,1891691,2013,11/27/2013 08:27:36 AM,41.858442069,-87.676390811,"(41.858442069, -87.676390811)"
HW548937,9405793,11/22/2013 11:30:00 PM,042XX W 21ST PL,820,THEFT,$500 AND UNDER,VEHICLE NON-COMMERCIAL,FALSE,FALSE,1012,24,6,1148633,1889384,2013,11/27/2013 06:55:36 AM,41.85240499,-87.729961266,"(41.85240499, -87.729961266)"
HW547597,9405795,11/21/2013 10:00:00 PM,064XX N SEELEY AVE,810,THEFT,OVER $500,APARTMENT,FALSE,TRUE,2412,50,6,1161418,1942938,2013,05/15/2014 12:36:49 PM,41.999104623,-87.681542303,"(41.999104623, -87.681542303)"
HW549133,9405811,11/24/2013 10:00:00 PM,071XX S DAMEN AVE,810,THEFT,OVER $500,RESIDENCE,FALSE,FALSE,735,17,6,1164300,1857254,2013,11/27/2013 07:15:24 AM,41.763920006,-87.673364229,"(41.763920006, -87.673364229)"
HW549144,9405826,11/26/2013 12:30:00 PM,032XX N BROADWAY,860,THEFT,RETAIL THEFT,SMALL RETAIL STORE,FALSE,FALSE,1925,44,6,1171641,1921693,2013,11/27/2013 06:57:56 AM,41.940588136,-87.644563338,"(41.940588136, -87.644563338)"
HW549188,9405830,11/18/2013 12:00:00 AM,003XX W CHICAGO AVE,890,THEFT,FROM BUILDING,SMALL RETAIL STORE,FALSE,FALSE,1831,42,6,1174045,1905630,2013,11/27/2013 08:03:21 AM,41.896457218,-87.636207785,"(41.896457218, -87.636207785)"
HW549239,9405834,11/26/2013 12:00:00 PM,015XX N KINGSBURY ST,890,THEFT,FROM BUILDING,GROCERY FOOD STORE,FALSE,FALSE,1822,32,6,1169434,1910290,2013,11/27/2013 07:40:42 AM,41.909346104,-87.653007293,"(41.909346104, -87.653007293)"
HW549089,9405853,11/26/2013 04:37:00 PM,071XX S JEFFERY BLVD,860,THEFT,RETAIL THEFT,SMALL RETAIL STORE,TRUE,FALSE,333,5,6,1190817,1858158,2013,11/27/2013 09:56:58 AM,41.765801254,-87.576145268,"(41.765801254, -87.576145268)"
HW549492,9406026,11/26/2013 12:25:00 PM,002XX S CANAL ST,870,THEFT,POCKET-PICKING,OTHER COMMERCIAL TRANSPORTATION,FALSE,FALSE,121,2,6,1173137,1899230,2013,11/27/2013 08:04:27 AM,41.878915426,-87.63973267,"(41.878915426, -87.63973267)"
HW549302,9406042,11/26/2013 08:00:00 AM,094XX S STATE ST,820,THEFT,$500 AND UNDER,STREET,FALSE,FALSE,634,21,6,1177910,1842626,2013,11/27/2013 08:03:40 AM,41.723481635,-87.623922648,"(41.723481635, -87.623922648)"
HW549428,9406043,11/26/2013 05:45:00 PM,076XX S ASHLAND AVE,860,THEFT,RETAIL THEFT,GROCERY FOOD STORE,TRUE,FALSE,612,17,6,1167043,1854018,2013,11/27/2013 07:36:08 AM,41.754981791,-87.66340285,"(41.754981791, -87.66340285)"
HW549510,9406049,11/17/2013 08:00:00 AM,097XX S AVENUE M,820,THEFT,$500 AND UNDER,RESIDENCE,FALSE,FALSE,432,10,6,1201506,1840827,2013,11/27/2013 06:04:54 AM,41.717978946,-87.537554851,"(41.717978946, -87.537554851)"
HW549476,9406052,11/26/2013 08:30:00 PM,050XX S KEDZIE AVE,820,THEFT,$500 AND UNDER,DEPARTMENT STORE,FALSE,FALSE,821,14,6,1155864,1870772,2013,11/27/2013 07:28:25 AM,41.801188836,-87.703921672,"(41.801188836, -87.703921672)"
HW549454,9406057,11/26/2013 12:45:00 PM,002XX E RANDOLPH ST,890,THEFT,FROM BUILDING,RESTAURANT,FALSE,FALSE,114,42,6,1177892,1901352,2013,11/27/2013 07:22:57 AM,41.884631532,-87.622208838,"(41.884631532, -87.622208838)"
HW548887,9405859,11/25/2013 10:30:00 PM,108XX S CALUMET AVE,820,THEFT,$500 AND UNDER,VEHICLE NON-COMMERCIAL,FALSE,FALSE,513,9,6,1180542,1833159,2013,11/27/2013 07:04:00 AM,41.697443026,-87.614571351,"(41.697443026, -87.614571351)"
HW549167,9405866,11/26/2013 07:00:00 AM,0000X W 111TH ST,820,THEFT,$500 AND UNDER,PARKING LOT/GARAGE(NON.RESID.),FALSE,FALSE,522,34,6,1177755,1831318,2013,11/27/2013 05:59:06 AM,41.692454427,-87.624831193,"(41.692454427, -87.624831193)"
HW549214,9405872,11/26/2013 05:55:00 PM,020XX W CHICAGO AVE,860,THEFT,RETAIL THEFT,GROCERY FOOD STORE,TRUE,FALSE,1221,1,6,1162677,1905295,2013,11/27/2013 07:00:04 AM,41.895783831,-87.677969636,"(41.895783831, -87.677969636)"
HW549292,9405877,11/26/2013 07:10:00 PM,024XX W BALMORAL AVE,820,THEFT,$500 AND UNDER,VEHICLE NON-COMMERCIAL,FALSE,FALSE,2011,40,6,1158816,1935740,2013,11/27/2013 12:47:59 PM,41.979406969,-87.691312834,"(41.979406969, -87.691312834)"